Genus	ES_Bact	ES_Bifi	ES_Esch	ES_Prev	ES_Firm
Bacteria;Firmicutes;Bacilli;Lactobacillales;Streptococcaceae;Streptococcus	0.005113386011294327	4.962877528291425	2.014548271830981e-5	1.405048592195515e-9	0.06513041955637668
Bacteria;Firmicutes;Bacilli;Lactobacillales;Streptococcaceae;Lactococcus	1.2380306765141944e-7	0.18522255581351404	8.286257593727198e-5	5.24733131382693e-16	6.083853154252185e-4
Bacteria;Firmicutes;Bacilli;Lactobacillales;Lactobacillaceae;Levilactobacillus	1.4012578743590606e-15	0.014506812532347996	1.467222332460285e-4	0	0
Bacteria;Firmicutes;Bacilli;Lactobacillales;Lactobacillaceae;Lentilactobacillus	0	0.04339125624314197	0	0	0
Bacteria;Firmicutes;Bacilli;Lactobacillales;Lactobacillaceae;Fructilactobacillus	1.0350777820979794e-5	1.953928255863754e-4	0	0	0
Bacteria;Firmicutes;Bacilli;Lactobacillales;Lactobacillaceae;Limosilactobacillus	0	0.0206409013642458	0	0.0019473110799607962	0
Bacteria;Firmicutes;Bacilli;Lactobacillales;Lactobacillaceae;Lactiplantibacillus	0	0.039676855950917245	0	0	0
Bacteria;Firmicutes;Bacilli;Lactobacillales;Lactobacillaceae;Pediococcus	0	0.001488557527877806	0	0	0
Bacteria;Firmicutes;Bacilli;Lactobacillales;Lactobacillaceae;Leuconostoc	0	1.4003724838909082e-4	0.2418914126755973	0	3.324621910985261e-15
Bacteria;Firmicutes;Bacilli;Lactobacillales;Lactobacillaceae;Weissella	0	0	0.0013149306154131726	0.030106426960038048	0
Bacteria;Firmicutes;Bacilli;Lactobacillales;Lactobacillaceae;Ligilactobacillus	0	0.03945095521619948	0.0016642275794422658	0.018119587261958402	0.009647141283445265
Bacteria;Firmicutes;Bacilli;Lactobacillales;Lactobacillaceae;Lactobacillus	0	0.16490357793448426	5.428654387014655e-5	0	0
Bacteria;Firmicutes;Bacilli;Lactobacillales;Lactobacillaceae;Lacticaseibacillus	0	0.18090784103076826	0	0	0
Bacteria;Firmicutes;Bacilli;Lactobacillales;Lactobacillaceae;Latilactobacillus	1.3521318033717945e-5	3.5917135124459063e-4	0	0	0
Bacteria;Firmicutes;Bacilli;Lactobacillales;Lactobacillaceae;Loigolactobacillus	0	0.004821391378079713	0	0	0
Bacteria;Firmicutes;Bacilli;Lactobacillales;Carnobacteriaceae;Dolosigranulum	0	2.908359084280714e-5	0	0	0
Bacteria;Firmicutes;Bacilli;Lactobacillales;Aerococcaceae;Facklamia	0	0	5.514016815064001e-5	0	0
Bacteria;Firmicutes;Bacilli;Lactobacillales;Aerococcaceae;Abiotrophia	7.992668098303989e-6	7.442316764306229e-5	0	0	0
Bacteria;Firmicutes;Bacilli;Lactobacillales;Aerococcaceae;Granulicatella	3.6934958567414453e-6	9.263607171655436e-4	3.6823352184635366e-6	0	1.0423122802613217e-4
Bacteria;Firmicutes;Bacilli;Erysipelotrichales;Erysipelotrichaceae;Bulleidia	0	0	0	0.0218352527685456	0.001970652708625069
Bacteria;Firmicutes;Bacilli;Erysipelotrichales;Erysipelotrichaceae;Holdemania	0.0026398244131644656	0	0.0016676843878180542	0	0.0012307568466892807
Bacteria;Firmicutes;Bacilli;Erysipelotrichales;Erysipelotrichaceae;Holdemanella	1.4126726586155918e-9	0.006766245124015952	9.197813596073362e-6	0.17349836363994056	0.198085253960712
Bacteria;Firmicutes;Bacilli;Erysipelotrichales;Erysipelotrichaceae;Faecalicoccus	2.7081302430677605e-5	2.950540962214976e-4	0	0.0030398556200077797	4.033671041160961e-4
Bacteria;Firmicutes;Bacilli;Erysipelotrichales;Erysipelotrichaceae;Faecalitalea	1.370934569001824e-4	4.325870686117515e-7	0	0	0.0024037629483000898
Bacteria;Firmicutes;Bacilli;Erysipelotrichales;Erysipelotrichaceae;CAG-536	0	0.03733136380970751	0	0.006280629055257768	4.694582764302081e-4
Bacteria;Firmicutes;Bacilli;Erysipelotrichales;Erysipelotrichaceae;Longicatena	0.0069823430707623094	0.0733972696685509	0.0065425266839171225	0	4.33821886334351e-10
Bacteria;Firmicutes;Bacilli;Erysipelotrichales;Erysipelotrichaceae;Dielma	4.190600707994927e-5	0	0	0	2.9924259703860027e-4
Bacteria;Firmicutes;Bacilli;Erysipelotrichales;Erysipelatoclostridiaceae;Stoquefichus	6.775426616406178e-5	0	0	0	0
Bacteria;Firmicutes;Bacilli;Erysipelotrichales;Erysipelatoclostridiaceae;Massiliomicrobiota	1.4551143772055685e-4	1.5094370327221146e-6	6.188155506985232e-7	0	0.003599286890954816
Bacteria;Firmicutes;Bacilli;Erysipelotrichales;Erysipelatoclostridiaceae;Erysipelatoclostridium	0.02293637254328069	0.1665136921769162	0.03278756507436327	4.440821272559656e-4	0.16075627829683573
Bacteria;Firmicutes;Bacilli;RFN20;CAG-826;UBA4855	0	0	0	0.004374510599343908	6.900693805633886e-4
Bacteria;Firmicutes;Bacilli;RFN20;CAG-826;CAG-826	0	0	0	0.015292422303882124	1.2918631948806224e-5
Bacteria;Firmicutes;Bacilli;RFN20;CAG-288;UBA7642	0	0	0	0.02021768255512658	0
Bacteria;Firmicutes;Bacilli;RFN20;CAG-288;CAG-345	0	0	2.183350766489126e-6	0.0052472169076446164	0.099878489707006
Bacteria;Firmicutes;Bacilli;RFN20;CAG-288;CAG-288	0	0	0	0.008198754030948352	0.11891873201313577
Bacteria;Firmicutes;Bacilli;RFN20;CAG-449;CAG-449	0	0	0	0.003485232943149625	0.0034824083141837157
Bacteria;Firmicutes;Bacilli;RFN20;CAG-631;CAG-631	0	0	0	0	0.0026859813042548622
Bacteria;Firmicutes;Bacilli;Mycoplasmatales;Mycoplasmoidaceae;Ureaplasma	0	0	0.05684830410724057	0	0
Bacteria;Firmicutes;Bacilli;RF39;CAG-302;CAG-302	9.173949827539389e-14	0	0	0.189127814345084	0.15452076174711205
Bacteria;Firmicutes;Bacilli;RF39;CAG-302;CAG-762	0	0	0	0.016801274625795226	0
Bacteria;Firmicutes;Bacilli;RF39;UBA5348;CAG-1193	0	0	0	0.03336690630475453	8.463134699621298e-5
Bacteria;Firmicutes;Bacilli;RF39;CAG-433;CAG-433	0	0	0	0.053146515985137775	0.010244847580639059
Bacteria;Firmicutes;Bacilli;RF39;CAG-433;CAG-594	0	1.4287264041750876e-10	0	0.024547364702978785	0.005681659445054317
Bacteria;Firmicutes;Bacilli;RF39;CAG-822;UBA5026	0	0	0	0.004744962502458669	0.0032282795994023577
Bacteria;Firmicutes;Bacilli;RF39;CAG-822;UBA3631	2.791166144636565e-4	0	0	0.02535488764619817	0.005220091790229332
Bacteria;Firmicutes;Bacilli;RF39;CAG-822;UMGS1045	0	0	0	0.0038748120224515728	4.982818533032892e-4
Bacteria;Firmicutes;Bacilli;RF39;CAG-822;CAG-822	0	0	0	0	3.9431334023864973e-4
Bacteria;Firmicutes;Bacilli;RF39;CAG-822;CAG-878	0	0	0	0.019838548101691788	0
Bacteria;Firmicutes;Bacilli;RF39;CAG-611;UBA3789	0	0	0	0.0016158733018440334	0.0027246974469856654
Bacteria;Firmicutes;Bacilli;RF39;CAG-611;UMGS995	0	0	0	1.3079513424970737e-5	0.006320571888505948
Bacteria;Firmicutes;Bacilli;RF39;CAG-611;CAG-417	1.1406059190542451e-12	0	0	0.02297664448596471	0.03225477953893976
Bacteria;Firmicutes;Bacilli;RF39;CAG-611;CAG-451	8.650143170432657e-14	0	0	0.00947492783770681	0.009858935970260878
Bacteria;Firmicutes;Bacilli;RF39;CAG-611;UBA7057	4.6312720410307833e-10	0	0	0.006036186344062368	0.0017075463702648213
Bacteria;Firmicutes;Bacilli;RF39;CAG-611;CAG-710	0	0	0	0.0395216006937289	3.150171400714074e-5
Bacteria;Firmicutes;Bacilli;RF39;CAG-611;CAG-988	0	0	3.96210964256535e-12	4.1603354236335286e-4	0.0027699728828374758
Bacteria;Firmicutes;Bacilli;RF39;CAG-611;UMGS1449	0	0	0	8.32030035056986e-5	0
Bacteria;Firmicutes;Bacilli;RF39;CAG-1000;CAG-460	0	0	0	0.2845977314585717	6.550903555866609e-4
Bacteria;Firmicutes;Bacilli;RF39;CAG-1000;UMGS1217	0	0	0	1.7962701686786086e-4	1.477833118032182e-8
Bacteria;Firmicutes;Bacilli;RF39;CAG-1000;CAG-605	0	0	0	0.021368798656699967	0.008321444261034842
Bacteria;Firmicutes;Bacilli;RF39;CAG-1000;CAG-533	0	0	0	0.0602972051409195	0.004545198239189588
Bacteria;Firmicutes;Bacilli;RF39;CAG-1000;CAG-1000	0	0	0	0.1136749080783574	0
Bacteria;Firmicutes;Bacilli;RF39;CAG-1000;CAG-628	0	0	0	0.13892121712593805	0.003548289868140444
Bacteria;Firmicutes;Bacilli;ML615J-28;CAG-313;CAG-313	9.573035389409521e-14	0	0	0.2519727811282254	0.08287877225165324
Bacteria;Firmicutes;Bacilli;ML615J-28;CAG-698;Tener-01	0	0	0	8.924552393332382e-4	9.869466107825299e-8
Bacteria;Firmicutes;Bacilli;ML615J-28;CAG-698;CAG-698	0	0	0	0.006706421751974606	0
Bacteria;Firmicutes;Bacilli;Haloplasmatales;Turicibacteraceae;Turicibacter	3.851162537269416e-4	8.37224844665664e-6	0	0	4.887502311465361e-4
Bacteria;Firmicutes;Bacilli;Staphylococcales;Staphylococcaceae;Staphylococcus	0	0.08922411427677916	1.7693558764153219	0	0
Bacteria;Firmicutes;Bacilli;Staphylococcales;Gemellaceae;Gemella	3.4798302675597167e-15	0.001887025099381719	0	0	4.1656184414321164e-13
Bacteria;Firmicutes;Bacilli;Bacillales;Planococcaceae;Lysinibacillus	0	0	2.0328244655547329e-4	0	0
Bacteria;Firmicutes;Bacilli;Bacillales;Caldibacillaceae;Bacillus_J	0	9.290710697867961e-5	0	0	0
Bacteria;Firmicutes;Bacilli;Bacillales;Bacillaceae_J;Bacillus_B	0	0.010434579774066232	0	0	0
Bacteria;Firmicutes;Bacilli;Paenibacillales;Paenibacillaceae;Paenibacillus_A	0	0.008139741293118945	0.001163009164728581	0	0
Bacteria;Fusobacteriota;Fusobacteriia;Fusobacteriales;Fusobacteriaceae;Fusobacterium	0.001397349812530537	3.252146722291364e-4	3.464209286442436e-5	0.15225944697390895	0
Bacteria;Fusobacteriota;Fusobacteriia;Fusobacteriales;Fusobacteriaceae;Cetobacterium_A	0	0	7.427085308188759e-4	0	0
Bacteria;Fusobacteriota;Fusobacteriia;Fusobacteriales;Leptotrichiaceae;Leptotrichia	0	3.006189216247207e-4	0	0	0
Bacteria;Fusobacteriota;Fusobacteriia;Fusobacteriales;Leptotrichiaceae;Sneathia	0	0.03249693554681039	1.293543502305434e-4	0	0
Bacteria;Firmicutes_A;Clostridia;Oscillospirales;Acutalibacteraceae;Ruminococcus_E	0.01349155486362161	7.665763847535422e-6	0	0.051863697195966604	1.8905726384089605
Bacteria;Firmicutes_A;Clostridia;Oscillospirales;Acutalibacteraceae;UMGS403	2.6151428550076644e-4	0	0	0	0.024386702608789872
Bacteria;Firmicutes_A;Clostridia;Oscillospirales;Acutalibacteraceae;CAG-964	0	0	0	0.0014279896537513468	0.010260975451837863
Bacteria;Firmicutes_A;Clostridia;Oscillospirales;Acutalibacteraceae;GCA-900066995	2.762609938325153e-5	0	0	0.0015109705180788877	0.1452712000959386
Bacteria;Firmicutes_A;Clostridia;Oscillospirales;Acutalibacteraceae;Clostridium_A	0.010529091726624114	0	0	1.4071096757873253e-6	0.020876007875944326
Bacteria;Firmicutes_A;Clostridia;Oscillospirales;Acutalibacteraceae;CAG-557	0	0	0	0.03227892827168251	2.4392828663502567e-8
Bacteria;Firmicutes_A;Clostridia;Oscillospirales;Acutalibacteraceae;Caproiciproducens	0	0.0052372488486793845	0	0	0
Bacteria;Firmicutes_A;Clostridia;Oscillospirales;Acutalibacteraceae;Anaeromassilibacillus	1.6559835810304927e-6	1.8414673290031545e-9	0	1.1598408317557201e-8	0.0011036062286786147
Bacteria;Firmicutes_A;Clostridia;Oscillospirales;Acutalibacteraceae;An200	4.212624121588339e-6	9.157177455098764e-15	0	0	0.001158734370727414
Bacteria;Firmicutes_A;Clostridia;Oscillospirales;Acutalibacteraceae;Clostridium_E	0	0.012898354447363331	0	0	0
Bacteria;Firmicutes_A;Clostridia;Oscillospirales;Acutalibacteraceae;Acutalibacter	2.0504487436695854e-4	0	0	2.411244906826867e-12	0.01481403473805065
Bacteria;Firmicutes_A;Clostridia;Oscillospirales;Acutalibacteraceae;Ruminococcus_H	8.649053589044568e-4	0	0	0.005397062840812022	0.19124015394766056
Bacteria;Firmicutes_A;Clostridia;Oscillospirales;Acutalibacteraceae;UBA5905	1.1224471775319802e-11	0	0	2.378460719946877e-4	7.999984121054141e-4
Bacteria;Firmicutes_A;Clostridia;Oscillospirales;Acutalibacteraceae;UMGS856	9.91655001305195e-5	0	0	2.897513292846786e-6	0.004461685199297733
Bacteria;Firmicutes_A;Clostridia;Oscillospirales;Acutalibacteraceae;UMGS1397	6.147846576816897e-16	0	0	2.5824438573976737e-6	3.9567543736352204e-4
Bacteria;Firmicutes_A;Clostridia;Oscillospirales;Acutalibacteraceae;CAG-177	3.5897325959442817e-16	0	0	0.34557134915090554	0.17891591873113202
Bacteria;Firmicutes_A;Clostridia;Oscillospirales;Acutalibacteraceae;CAG-488	0	0	0	0.07693394187876422	0
Bacteria;Firmicutes_A;Clostridia;Oscillospirales;Acutalibacteraceae;CAG-180	0.0022707987079270916	0	0	0.250048048981083	0.4425846808717031
Bacteria;Firmicutes_A;Clostridia;Oscillospirales;Acutalibacteraceae;Eubacterium_R	5.757748074420013e-4	0	0	0.07696591540334936	0.3325988799637332
Bacteria;Firmicutes_A;Clostridia;Oscillospirales;Acutalibacteraceae;CAG-217	2.596417705452888e-5	1.9657641603846875e-6	0	0.021144233622626726	0.23282061743881732
Bacteria;Firmicutes_A;Clostridia;Oscillospirales;Acutalibacteraceae;UMGS905	0	1.4028285657547983e-4	0	9.268254903055921e-4	0.0016197967442886962
Bacteria;Firmicutes_A;Clostridia;Oscillospirales;Acutalibacteraceae;UBA737	4.975694137541064e-6	0	6.897250070430351e-12	0.011979750431110032	0.011013690623333038
Bacteria;Firmicutes_A;Clostridia;Oscillospirales;Acutalibacteraceae;UMGS172	0	0	0	1.5358970086516712e-5	0.0017859360979971136
Bacteria;Firmicutes_A;Clostridia;Oscillospirales;Acutalibacteraceae;UMGS577	0	0	0	3.1570982279038515e-5	2.0551379527331248e-4
Bacteria;Firmicutes_A;Clostridia;Oscillospirales;Acutalibacteraceae;UMGS1484	0	0	0	5.257108702929903e-4	6.722743180107334e-4
Bacteria;Firmicutes_A;Clostridia;Oscillospirales;Ruminococcaceae;Ruminococcus	0.0010543849065920254	3.495707037619209e-16	0	0.03796367660412759	1.9815667685405318
Bacteria;Firmicutes_A;Clostridia;Oscillospirales;Ruminococcaceae;UMGS363	0	0	0	0.00789173359748632	0.0010052021813462266
Bacteria;Firmicutes_A;Clostridia;Oscillospirales;Ruminococcaceae;CAG-353	0.016520979538865235	0	0	0.020562344516553616	0.09545955798364834
Bacteria;Firmicutes_A;Clostridia;Oscillospirales;Ruminococcaceae;CAG-115	0.002377274470680505	4.3225293848400546e-14	0	0.03003958171379919	0.10561714380660132
Bacteria;Firmicutes_A;Clostridia;Oscillospirales;Ruminococcaceae;Ruminiclostridium_E	6.069017643012641e-5	0	0	0.09834858642435156	1.0279107980716815
Bacteria;Firmicutes_A;Clostridia;Oscillospirales;Ruminococcaceae;Massilimaliae	0	5.5520818587127773e-5	0	0	7.047216933817465e-5
Bacteria;Firmicutes_A;Clostridia;Oscillospirales;Ruminococcaceae;UMGS1826	0	0	0	0.0018189011978788797	7.365620854220025e-4
Bacteria;Firmicutes_A;Clostridia;Oscillospirales;Ruminococcaceae;Massilioclostridium	8.10693846924809e-5	0	0	0	0
Bacteria;Firmicutes_A;Clostridia;Oscillospirales;Ruminococcaceae;Angelakisella	2.390768629657926e-6	0	0	0.07443944939477222	0.06127793023690516
Bacteria;Firmicutes_A;Clostridia;Oscillospirales;Ruminococcaceae;Anaerotruncus	4.5983577750045434e-4	2.948127110941445e-11	2.104761943889541e-5	0	2.6637822650633366e-4
Bacteria;Firmicutes_A;Clostridia;Oscillospirales;Ruminococcaceae;Harryflintia	7.338758258067493e-5	0	0	0	0
Bacteria;Firmicutes_A;Clostridia;Oscillospirales;Ruminococcaceae;Negativibacillus	1.6967322206440495e-6	0	0	0.006927486869401625	0.0226153252031013
Bacteria;Firmicutes_A;Clostridia;Oscillospirales;Ruminococcaceae;UBA3818	5.275789993373812e-5	0	0	8.965181996490911e-4	0.003719840270661683
Bacteria;Firmicutes_A;Clostridia;Oscillospirales;Ruminococcaceae;Bittarella	9.216622776461843e-6	0	0	0	1.544808063742682e-4
Bacteria;Firmicutes_A;Clostridia;Oscillospirales;Ruminococcaceae;Faecalibacterium	0.9120746299195795	1.661632622261358e-4	0	0.45520504396039346	3.1157833460682998
Bacteria;Firmicutes_A;Clostridia;Oscillospirales;Ruminococcaceae;Gemmiger	0.005671721608864432	3.8336658114106885e-5	0	0.021430092820081386	0.9348231189822888
Bacteria;Firmicutes_A;Clostridia;Oscillospirales;Ruminococcaceae;Ruthenibacterium	0.013712363038643661	0.011514611091284262	4.14015808923831e-10	0	0.03480208705844575
Bacteria;Firmicutes_A;Clostridia;Oscillospirales;Oscillospiraceae;CAG-83	4.1588166718841185e-6	0	0	0.2670350950392904	0.7216386856467344
Bacteria;Firmicutes_A;Clostridia;Oscillospirales;Oscillospiraceae;Oscillibacter	0.056962825023547235	0	0	0.042014595950842074	0.14421317105196899
Bacteria;Firmicutes_A;Clostridia;Oscillospirales;Oscillospiraceae;UMGS1872	7.83024572907755e-5	0	2.473540060407868e-4	0	0
Bacteria;Firmicutes_A;Clostridia;Oscillospirales;Oscillospiraceae;Flavonifractor	0.051172074638136944	0.049039154962202125	0.025071918071601397	0	0.013558723215215427
Bacteria;Firmicutes_A;Clostridia;Oscillospirales;Oscillospiraceae;Pseudoflavonifractor	5.50039351152943e-4	0	0	1.173915187276865e-6	6.376139375416565e-4
Bacteria;Firmicutes_A;Clostridia;Oscillospirales;Oscillospiraceae;Intestinimonas	0.005763051368047321	5.0656041543847235e-07	3.252317654508019e-4	3.5774744671028183e-4	0.0059582779116531875
Bacteria;Firmicutes_A;Clostridia;Oscillospirales;Oscillospiraceae;UBA9475	9.317402503390362e-4	0	0	1.7293847888318203e-4	0.002605243390866701
Bacteria;Firmicutes_A;Clostridia;Oscillospirales;Oscillospiraceae;Lawsonibacter	0.02564431531307161	2.710800682917674e-12	0	0.002937552726403872	0.03073518793869753
Bacteria;Firmicutes_A;Clostridia;Oscillospirales;Oscillospiraceae;Evtepia	8.125828195892418e-6	2.95885302257544e-9	0	6.946308877757411e-4	0.02568642039342381
Bacteria;Firmicutes_A;Clostridia;Oscillospirales;Oscillospiraceae;CAG-110	7.973498836964812e-7	0	0	0.06492917943260675	0.185393066695838
Bacteria;Firmicutes_A;Clostridia;Oscillospirales;Oscillospiraceae;CAG-170	1.8704387923833451e-6	0	0	0.0927534209254484	0.0938252474453925
Bacteria;Firmicutes_A;Clostridia;Oscillospirales;Oscillospiraceae;UBA1777	0	0	0	0.04520386224705193	0.022943972265814898
Bacteria;Firmicutes_A;Clostridia;Oscillospirales;Oscillospiraceae;UBA5446	5.192307076317588e-8	0	0	6.689987435972731e-7	0.03310329755100342
Bacteria;Firmicutes_A;Clostridia;Oscillospirales;Butyricicoccaceae;Agathobaculum	1.1581743351552668e-4	2.856198269046967e-4	0	0.020096643694013726	0.0802270604367789
Bacteria;Firmicutes_A;Clostridia;Oscillospirales;Butyricicoccaceae;Butyricicoccus	3.4149168082219613e-6	0	0	0.00482435145036384	0.011102022075538138
Bacteria;Firmicutes_A;Clostridia;Oscillospirales;Butyricicoccaceae;UMGS1384	1.0672944748595841e-9	0	0	0	1.568162598901814e-4
Bacteria;Firmicutes_A;Clostridia;Oscillospirales;Butyricicoccaceae;AM07-15	1.2893857141141567e-13	0	0	5.837674258211778e-4	7.711832599828014e-4
Bacteria;Firmicutes_A;Clostridia;Oscillospirales;CAG-272;CAG-448	0	0	0	0.019953782919239164	0.008367007646542092
Bacteria;Firmicutes_A;Clostridia;Oscillospirales;CAG-272;UMGS1865	3.3159627627955574e-5	0	0	0.004649961321791298	0.0011987446887219938
Bacteria;Firmicutes_A;Clostridia;Oscillospirales;CAG-272;CAG-390	0	0	0	0.014887014696588721	3.9076742984652045e-4
Bacteria;Firmicutes_A;Clostridia;Oscillospirales;CAG-272;UMGS1815	0	0	0	0.002919722963319992	0.003285532715487086
Bacteria;Firmicutes_A;Clostridia;Oscillospirales;CAG-272;UMGS1696	0	0	0	0.002105046695680146	0.002404193807684012
Bacteria;Firmicutes_A;Clostridia;Oscillospirales;CAG-272;UMGS902	0	0	0	0.001526010939145475	0.002828024246028725
Bacteria;Firmicutes_A;Clostridia;Oscillospirales;CAG-272;UMGS874	0	0	0	8.116631190968812e-4	0.0010065725485124215
Bacteria;Firmicutes_A;Clostridia;Oscillospirales;CAG-272;UBA11512	0	0	0	0.005840910990673726	4.034751924717161e-4
Bacteria;Firmicutes_A;Clostridia;Oscillospirales;CAG-272;UMGS911	7.48878840554139e-12	0	0	3.204060497868524e-4	0.004455312450893231
Bacteria;Firmicutes_A;Clostridia;Oscillospirales;CAG-272;CAG-272	0	0	0	0.0022225347543999587	0.0011206258189595903
Bacteria;Firmicutes_A;Clostridia;Oscillospirales;CAG-272;QALR01	0	0	0	0.011543270217205824	0
Bacteria;Firmicutes_A;Clostridia;Oscillospirales;CAG-272;UMGS731	0	0	0	0.005351824798710167	0
Bacteria;Firmicutes_A;Clostridia;Oscillospirales;CAG-272;CAG-724	0	0	0	0.020049416288749324	0
Bacteria;Firmicutes_A;Clostridia;Oscillospirales;CAG-272;CAG-841	0	0	0	0.06141009163452639	0
Bacteria;Firmicutes_A;Clostridia;Oscillospirales;CAG-382;UBA1206	0	0	0	0.003007901000242772	1.4738161669368988e-4
Bacteria;Firmicutes_A;Clostridia;Oscillospirales;CAG-382;UBA1752	0	0	0	0.0018179430778744678	0
Bacteria;Firmicutes_A;Clostridia;Oscillospirales;CAG-382;UMGS882	0	0	0	9.156882833923809e-4	0.0010406613511350687
Bacteria;Firmicutes_A;Clostridia;Oscillospirales;UBA644;UBA644	0	0	0	0.0011036876908325907	0.0025125114857481585
Bacteria;Firmicutes_A;Clostridia;Oscillospirales;UMGS1783;UMGS1783	0	0	0	0	2.711345583397457e-4
Bacteria;Firmicutes_A;Clostridia;Monoglobales_A;UBA9506;UBA9506	0	0	0	5.551731533142662e-5	2.9961032302092925e-4
Bacteria;Firmicutes_A;Clostridia;Monoglobales;Monoglobaceae;Monoglobus	0.0013009057186110272	0	0	0	0.019100339776441842
Bacteria;Firmicutes_A;Clostridia;Monoglobales;Monoglobaceae;UMGS1820	0	0	0	0.001912842881621873	9.604388798919067e-4
Bacteria;Firmicutes_A;Clostridia;Monoglobales;Monoglobaceae;UMGS1494	0	0	0	6.985079423611843e-4	1.7719809542109127e-4
Bacteria;Firmicutes_A;Clostridia;TANB77;CAG-508;CAG-273	0	0	0	0.003504062892501601	0.030589150350660045
Bacteria;Firmicutes_A;Clostridia;UBA1212;UBA1255;UMGS1537	0	0	0	0	0.006723071382565972
Bacteria;Firmicutes_A;Clostridia;Lachnospirales;Lachnospiraceae;Blautia	0.24788269443869823	0.16250208353946366	0	0.015764420606282598	1.6868750147328626
Bacteria;Firmicutes_A;Clostridia;Lachnospirales;Lachnospiraceae;UBA5416	5.911571493618074e-7	0	0	0	0.00562225351800444
Bacteria;Firmicutes_A;Clostridia;Lachnospirales;Lachnospiraceae;Fusicatenibacter	0.011439317127520702	0.004668620444145555	0	0.007839591314022386	0.746360293481582
Bacteria;Firmicutes_A;Clostridia;Lachnospirales;Lachnospiraceae;UMGS1472	0.001452618582282381	0	0	0	0
Bacteria;Firmicutes_A;Clostridia;Lachnospirales;Lachnospiraceae;Ruminococcus_A	2.878200651796717e-5	0	0	0.002588025287470307	0.0706365456959475
Bacteria;Firmicutes_A;Clostridia;Lachnospirales;Lachnospiraceae;UMGS1375	2.827611816633909e-4	0	0	8.638462350666373e-4	0.08554621804167982
Bacteria;Firmicutes_A;Clostridia;Lachnospirales;Lachnospiraceae;Robinsoniella	0	2.413765125645869e-4	0	0	0
Bacteria;Firmicutes_A;Clostridia;Lachnospirales;Lachnospiraceae;Murimonas	4.8053515174875764e-5	0	0	0	0
Bacteria;Firmicutes_A;Clostridia;Lachnospirales;Lachnospiraceae;UBA7182	5.984323659693402e-5	0	0	0.0038265794595829	0.0220651960528712
Bacteria;Firmicutes_A;Clostridia;Lachnospirales;Lachnospiraceae;Mediterraneibacter	0.04803815969331424	0.034484970557592844	0	0.03453653092159839	0.455499687294698
Bacteria;Firmicutes_A;Clostridia;Lachnospirales;Lachnospiraceae;Schaedlerella	9.784411255294627e-4	0	0	2.500419268382842e-4	0.005291313398761046
Bacteria;Firmicutes_A;Clostridia;Lachnospirales;Lachnospiraceae;Muricomes	1.6296813482359548e-7	0.002806547950807191	0	0	0.001260216124032318
Bacteria;Firmicutes_A;Clostridia;Lachnospirales;Lachnospiraceae;Dorea	0.0025873900635681795	0.0106995748683424	0	0.07870212069381337	0.4974588912559581
Bacteria;Firmicutes_A;Clostridia;Lachnospirales;Lachnospiraceae;Sellimonas	0.0039335806307413445	0.022289935648450023	0	3.177510493780229e-6	0.0019357864067700977
Bacteria;Firmicutes_A;Clostridia;Lachnospirales;Lachnospiraceae;Faecalimonas	0.020560031306699422	0.07240776885308339	4.114203814140713e-6	4.5504267384834197e-7	0.017606736147275166
Bacteria;Firmicutes_A;Clostridia;Lachnospirales;Lachnospiraceae;Bariatricus	4.5681017823105897e-4	2.989836907372485e-4	0	0.019231128177410052	0.1416395701571416
Bacteria;Firmicutes_A;Clostridia;Lachnospirales;Lachnospiraceae;Agathobacter	0.14351380568425615	4.2470611883404676e-8	0	0.2999893164869423	3.3526508442030734
Bacteria;Firmicutes_A;Clostridia;Lachnospirales;Lachnospiraceae;Roseburia	0.2709071445843418	6.134604179701929e-5	0	0.043660517730193686	0.6997847242070527
Bacteria;Firmicutes_A;Clostridia;Lachnospirales;Lachnospiraceae;CAG-45	0.0032842946739016503	0	0	0.049177323599532634	0.22588004886435537
Bacteria;Firmicutes_A;Clostridia;Lachnospirales;Lachnospiraceae;UBA11774	6.354941167768147e-8	0	0	0.012510298829801645	0.09643632217190509
Bacteria;Firmicutes_A;Clostridia;Lachnospirales;Lachnospiraceae;AM51-8	0	1.514192026747104e-14	0	0.0070253347234896435	0.003958352439101425
Bacteria;Firmicutes_A;Clostridia;Lachnospirales;Lachnospiraceae;Eubacterium_I	0.0013909391056139157	1.622336011703355e-8	0	4.8687421437748407e-4	0.0282966461973736
Bacteria;Firmicutes_A;Clostridia;Lachnospirales;Lachnospiraceae;COE1	0.010410243207999674	8.8610523293283e-6	0	8.265234374220211e-4	0.06945824474368306
Bacteria;Firmicutes_A;Clostridia;Lachnospirales;Lachnospiraceae;Eisenbergiella	0.03406537480503995	0.002699744468440409	0	2.614285639441101e-7	0.13964256251782273
Bacteria;Firmicutes_A;Clostridia;Lachnospirales;Lachnospiraceae;CAG-95	5.989569690983118e-5	0	0	0.07098075153234025	0.01937962818184801
Bacteria;Firmicutes_A;Clostridia;Lachnospirales;Lachnospiraceae;Acetatifactor	0.17308944512436067	0	0	0.07552104433664014	0.5475239916838899
Bacteria;Firmicutes_A;Clostridia;Lachnospirales;Lachnospiraceae;CAG-194	8.607041065776214e-12	0	0	0.03803664273270578	0.050955905987293104
Bacteria;Firmicutes_A;Clostridia;Lachnospirales;Lachnospiraceae;CAG-791	0	0	0	0.0014919900114496619	0
Bacteria;Firmicutes_A;Clostridia;Lachnospirales;Lachnospiraceae;Hungatella	0.0055328036999950534	0.058729642128313324	0.017429361760010947	0.0012154250310808664	0.0038041244584854916
Bacteria;Firmicutes_A;Clostridia;Lachnospirales;Lachnospiraceae;UBA9502	0.007585910753856768	8.101213827541464e-9	0	0.0015221318647483367	0.012884037565348757
Bacteria;Firmicutes_A;Clostridia;Lachnospirales;Lachnospiraceae;Enterocloster	0.19051174391770737	0.2041020265348599	1.4296283938694927e-8	0.00740042986490504	3.666014466102258e-4
Bacteria;Firmicutes_A;Clostridia;Lachnospirales;Lachnospiraceae;UMGS1370	9.007820538313225e-4	0	0	0	3.043876693841015e-13
Bacteria;Firmicutes_A;Clostridia;Lachnospirales;Lachnospiraceae;Clostridium_Q	0.021723272493616677	0.010154165433387539	1.3864598318268735e-4	0.022988651073950876	0.03941606245035719
Bacteria;Firmicutes_A;Clostridia;Lachnospirales;Lachnospiraceae;UC5-1-2E3	4.7238155186634286e-5	8.403605171944664e-4	0	0	1.1425076218109555e-4
Bacteria;Firmicutes_A;Clostridia;Lachnospirales;Lachnospiraceae;CAG-81	0.03796483335564731	0.0058102728342625636	1.0629715707954985e-4	0.01090114324770836	0.04127459920021698
Bacteria;Firmicutes_A;Clostridia;Lachnospirales;Lachnospiraceae;Oribacterium	0	0	0	0.0024552992078447156	0
Bacteria;Firmicutes_A;Clostridia;Lachnospirales;Lachnospiraceae;Lachnoanaerobaculum	0	0	0	0.0013199668850575048	0
Bacteria;Firmicutes_A;Clostridia;Lachnospirales;Lachnospiraceae;Stomatobaculum	0	5.623471010653254e-5	0	0	0
Bacteria;Firmicutes_A;Clostridia;Lachnospirales;Lachnospiraceae;Lachnospira	0.19100967050367687	2.684870436298996e-5	0	0.1220238029021413	1.2361336113632755
Bacteria;Firmicutes_A;Clostridia;Lachnospirales;Lachnospiraceae;UBA4285	0	0	0	7.208312379217843e-4	0.0015992910142175517
Bacteria;Firmicutes_A;Clostridia;Lachnospirales;Lachnospiraceae;Bacteroides_F	0	0	0	0.0198866149720119	0.02784969109024656
Bacteria;Firmicutes_A;Clostridia;Lachnospirales;Lachnospiraceae;CAG-882	5.146994699753824e-4	0	0	3.2215554535977987e-4	0.07212936287087737
Bacteria;Firmicutes_A;Clostridia;Lachnospirales;Lachnospiraceae;Butyrivibrio_A	0	0	0	0.3658177214755942	0.2131392460380182
Bacteria;Firmicutes_A;Clostridia;Lachnospirales;Lachnospiraceae;Eubacterium_G	0.002860394091745061	0	0	8.207568101606821e-4	0.0651212447114049
Bacteria;Firmicutes_A;Clostridia;Lachnospirales;Lachnospiraceae;CAG-603	7.433210640865427e-12	0	0	0.022318028266278524	0.007861735677002234
Bacteria;Firmicutes_A;Clostridia;Lachnospirales;Lachnospiraceae;CAG-303	1.371134406988987e-15	0	0	0	0.013982248756855603
Bacteria;Firmicutes_A;Clostridia;Lachnospirales;Lachnospiraceae;Lachnoclostridium	6.088859707474697e-4	6.478205528454713e-4	0	0	0
Bacteria;Firmicutes_A;Clostridia;Lachnospirales;Lachnospiraceae;CAG-411	0	0	0	4.942348274130502e-13	0.007374104507776828
Bacteria;Firmicutes_A;Clostridia;Lachnospirales;Lachnospiraceae;Eubacterium_F	0.0010356947303027646	4.188029083376627e-6	0	0.004638604461226719	0.18852122874690663
Bacteria;Firmicutes_A;Clostridia;Lachnospirales;Lachnospiraceae;V9D3004	6.012108127923729e-5	0	0	1.2355988047530538e-4	0.001848256839910075
Bacteria;Firmicutes_A;Clostridia;Lachnospirales;Lachnospiraceae;TF01-11	0.0014695794804698845	0	0	0.044038233956575294	0.1572578180312809
Bacteria;Firmicutes_A;Clostridia;Lachnospirales;Lachnospiraceae;Coprococcus	0	0	0	0.41094535471461324	0.9145949457840271
Bacteria;Firmicutes_A;Clostridia;Lachnospirales;Lachnospiraceae;CAG-590	0	0	0	0.016934861038699296	0.00889353379609816
Bacteria;Firmicutes_A;Clostridia;Lachnospirales;Lachnospiraceae;Anaerostipes	0.13363700003379625	0.059646926177231316	0	0.014165750837817443	0.7437262201489754
Bacteria;Firmicutes_A;Clostridia;Lachnospirales;Lachnospiraceae;Anaerobutyricum	7.016416614804449e-4	0.0026875572653530747	0	0.011440649289692696	0.30414062597379937
Bacteria;Firmicutes_A;Clostridia;Lachnospirales;Anaerotignaceae;Anaerotignum	0.00366138663470106	0	0	0.011642510731680737	0.038352359182831905
Bacteria;Firmicutes_A;Clostridia;Lachnospirales;Anaerotignaceae;UMGS1670	0.001056100181882266	0	0	1.6044778816537447e-4	0.001246793295648072
Bacteria;Firmicutes_A;Clostridia;Lachnospirales;CAG-274;UMGS1441	2.3273595563307745e-4	0	0	0	0.0010320573820591422
Bacteria;Firmicutes_A;Clostridia;Lachnospirales;Cellulosilyticaceae;Cellulosilyticum	0	0	0	0	1.2321633666970104e-4
Bacteria;Firmicutes_A;Clostridia;Lachnospirales;Cellulosilyticaceae;Niameybacter	0	0.008164939694552897	1.7108523923523586e-4	0	3.855671203814772e-11
Bacteria;Firmicutes_A;Clostridia;Peptostreptococcales;Anaerovoracaceae;CAG-145	1.7010084588083406e-6	0	0	0	0.012717422706844532
Bacteria;Firmicutes_A;Clostridia;Peptostreptococcales;Anaerovoracaceae;Mogibacterium	9.225275211810289e-7	9.008243294140159e-6	0	0.005118038496036567	0.001961979314868489
Bacteria;Firmicutes_A;Clostridia;Peptostreptococcales;Anaerovoracaceae;Eubacterium_B	1.9212945743435133e-11	5.676097392097507e-5	0	0	2.7811366864614764e-4
Bacteria;Firmicutes_A;Clostridia;Peptostreptococcales;Anaerovoracaceae;QAKD01	2.4854942636878705e-4	0	0	3.9691412860548217e-4	6.332967849726616e-4
Bacteria;Firmicutes_A;Clostridia;Peptostreptococcales;Anaerovoracaceae;UBA1191	2.7026285657305294e-6	2.3213002980956495e-7	0	7.418919165525945e-4	0.008678431007093276
Bacteria;Firmicutes_A;Clostridia;Peptostreptococcales;Anaerovoracaceae;UMGS973	0	6.086918850780609e-8	0	0.00265011834755804	4.126563398809795e-4
Bacteria;Firmicutes_A;Clostridia;Peptostreptococcales;Anaerovoracaceae;Eubacterium_M	1.6261692107611753e-5	0	0	0	0
Bacteria;Firmicutes_A;Clostridia;Peptostreptococcales;Peptostreptococcaceae;Romboutsia	3.475844602614161e-5	0.015027600720477955	0	0.007320858708972328	0.03052491713260771
Bacteria;Firmicutes_A;Clostridia;Peptostreptococcales;Peptostreptococcaceae;Paraclostridium	0	0	0	1.148167274243635e-4	0
Bacteria;Firmicutes_A;Clostridia;Peptostreptococcales;Peptostreptococcaceae;Paeniclostridium	0	0.003380653902221737	1.0080064287487731e-4	0	0
Bacteria;Firmicutes_A;Clostridia;Peptostreptococcales;Peptostreptococcaceae;Intestinibacter	0.00081520118484202785	0.011717512393216655	7.512966147685249e-5	0.008259709977380628	0.029388729603249817
Bacteria;Firmicutes_A;Clostridia;Peptostreptococcales;Peptostreptococcaceae;Clostridioides	0	0.025876620371216158	0.008690021951575418	0	0
Bacteria;Firmicutes_A;Clostridia;Peptostreptococcales;Peptostreptococcaceae;Clostridium_U	0	2.0112942740662447e-4	0	7.487430832830586e-4	0
Bacteria;Firmicutes_A;Clostridia;Peptostreptococcales;Peptostreptococcaceae;Peptostreptococcus	0	3.828162647565844e-4	6.903242135563293e-4	1.4996175516998437e-13	4.9361329350076166e-5
Bacteria;Firmicutes_A;Clostridia;Tissierellales;Helcococcaceae;Anaerococcus	0	0.0024686892052883497	0.00595755730642197	0	0
Bacteria;Firmicutes_A;Clostridia;Tissierellales;Helcococcaceae;Levyella	0	7.109123141359821e-6	0	2.348906686752767e-5	0
Bacteria;Firmicutes_A;Clostridia;Tissierellales;Helcococcaceae;Finegoldia	0	8.5528260259829e-6	0.004597325152743757	1.1824845455592207e-9	0
Bacteria;Firmicutes_A;Clostridia;Tissierellales;Helcococcaceae;Parvimonas	1.0960122595421967e-8	0	1.1848738433037944e-10	1.307431939483603e-4	0.0023105520902088166
Bacteria;Firmicutes_A;Clostridia;Tissierellales;Peptoniphilaceae;Peptoniphilus_A	4.3406986017693313e-4	0.001201387123765392	0.0010823167049855485	0	0
Bacteria;Firmicutes_A;Clostridia;Tissierellales;Ezakiellaceae;Fenollaria	2.5014101929478364e-7	0	0	5.029496719617069e-4	2.678965627064085e-4
Bacteria;Firmicutes_A;Clostridia;Tissierellales;Ezakiellaceae;Ezakiella	0	0	5.858841618840582e-5	0	0
Bacteria;Firmicutes_A;Clostridia;Tissierellales;Sporanaerobacteraceae;Anaerosalibacter_A	0	0.002906372375761812	0	0	0
Bacteria;Firmicutes_A;Clostridia;Eubacteriales;Eubacteriaceae;Eubacterium	1.0620183937614342e-7	6.359489783523123e-4	5.630306197560752e-4	0	0
Bacteria;Firmicutes_A;Clostridia;Eubacteriales;Anaerofustaceae;Anaerofustis	5.418417453714608e-5	0	0	0	0
Bacteria;Firmicutes_A;Clostridia;Eubacteriales;Garciellaceae;Garciella	0	0.0029384921257048792	0	0	0
Bacteria;Firmicutes_A;Clostridia;Clostridiales;Clostridiaceae;Clostridium	4.9952382946575093e-8	0.19874676209466705	0.1260618581158742	0.0038357356726793222	0.006649439487496266
Bacteria;Firmicutes_A;Clostridia_A;Christensenellales;CAG-917;CAG-475	0	0	0	0.21803099940442894	0.0047981106399152575
Bacteria;Firmicutes_A;Clostridia_A;Christensenellales;CAG-917;UMGS1688	0	0	0	0	0.012052922319832167
Bacteria;Firmicutes_A;Clostridia_A;Christensenellales;CAG-917;CAG-1138	0	0	0	0.006145156747454409	0
Bacteria;Firmicutes_A;Clostridia_A;Christensenellales;Borkfalkiaceae;UBA7597	5.820467098110958e-5	0	0	0.02694764017296747	0.003019279219353716
Bacteria;Firmicutes_A;Clostridia_A;Christensenellales;Borkfalkiaceae;QALS01	6.888817650529975e-5	0	0	4.467850898079989e-4	0.02942236478203264
Bacteria;Firmicutes_A;Clostridia_A;Christensenellales;Borkfalkiaceae;Borkfalkia	1.8956652020606955e-4	0.0490819061490978	0	1.0501920344152104e-5	0.013488398771687716
Bacteria;Firmicutes_A;Clostridia_A;Christensenellales;Borkfalkiaceae;UMGS621	3.6362124954721753e-4	0	0	0.016489771491841616	0.002603088247337613
Bacteria;Firmicutes_A;Clostridia_A;Christensenellales;CAG-552;UBA10677	1.128363699870167e-14	1.323254515976618e-13	0	0.0027815904274779567	0.005358064148523582
Bacteria;Firmicutes_A;Clostridia_A;Christensenellales;CAG-552;UMGS1795	2.2295975569937515e-4	0	0	0.0029825285545167046	6.914233171179296e-4
Bacteria;Firmicutes_A;Clostridia_A;Christensenellales;CAG-552;CAG-552	0	0	0	0.013055256637775698	0.001440677621982186
Bacteria;Firmicutes_A;Clostridia_A;Christensenellales;CAG-314;CAG-1435	0	0	0	0.010505661041486739	0
Bacteria;Firmicutes_A;Clostridia_A;Christensenellales;CAG-314;CAG-314	6.938336575855533e-14	0	0	0.015546593396855308	0.07382700629185494
Bacteria;Firmicutes_A;Clostridia_A;Christensenellales;CAG-314;UMGS692	0	0	0	0.0011207014696397565	0
Bacteria;Firmicutes_A;Clostridia_A;Christensenellales;CAG-314;UMGS929	0	0	0	2.6736683218882587e-15	0.022523296660665264
Bacteria;Firmicutes_A;Clostridia_A;Christensenellales;UBA1242;UMGS687	0	0	0	0.01309591805626221	0
Bacteria;Firmicutes_A;Clostridia_A;Christensenellales;QALW01;QALW01	1.320955526193804e-15	0	0	6.179642371974245e-4	0.006084708600558748
Bacteria;Firmicutes_A;Clostridia_A;Christensenellales;QALW01;UMGS1322	9.468100399843784e-5	0	0	2.2571873751154242e-4	5.410681271215648e-4
Bacteria;Firmicutes_A;Clostridia_A;Christensenellales;CAG-74;Firm-11	0	0	0	0.001242480882178489	0.01292663933852076
Bacteria;Firmicutes_A;Clostridia_A;Christensenellales;CAG-74;SFMI01	0	0	0	0.0038789146584813044	0.0024462536345060187
Bacteria;Firmicutes_A;Clostridia_A;Christensenellales;CAG-74;OEMS01	0	0	0	0	4.388399198303424e-4
Bacteria;Firmicutes_A;Clostridia_A;Christensenellales;CAG-138;UBA1685	0	0	0	0.00427231195904256	0.020739924030081906
Bacteria;Firmicutes_A;Clostridia_A;Christensenellales;CAG-138;Phil1	0	0	0	0.05888820041067525	0.0304418748703505
Bacteria;Firmicutes_A;Clostridia_A;Christensenellales;CAG-138;UBA5394	0	0	0	0	0.006229423310195839
Bacteria;Firmicutes_A;Clostridia_A;Christensenellales;CAG-138;SFEL01	0	1.536183597132733e-14	0	0.03669163480693894	0.061019359261321064
Bacteria;Firmicutes_A;Clostridia_A;Christensenellales;CAG-138;PeH17	0	0	0	0.08641547371204915	0.07420433109316182
Bacteria;Firmicutes_A;Clostridia_A;Christensenellales;CAG-138;UMGS946	0	0	0	1.8717200256381343e-5	0.0035974387680789465
Bacteria;Firmicutes_A;Clostridia_A;Christensenellales;CAG-138;UMGS1241	0	0	0	0.005889913047306076	0.013389201889900674
Bacteria;Firmicutes_A;Clostridia_A;Christensenellales;CAG-138;RUG472	0	0	0	0.014486970249731428	0
Bacteria;Firmicutes_A;Clostridia_A;Christensenellales;QAND01;UMGS1975	8.1938069034477e-4	0	0	7.869671504293315e-4	0.0019012490190969682
Bacteria;Firmicutes_A;Clostridia_A;Christensenellales;Christensenellaceae;UMGS743	3.444495959076388e-6	0	0	0	0.006100563638213865
Bacteria;Firmicutes_C;Negativicutes;Veillonellales;Veillonellaceae;Veillonella	0.015395368436560369	1.9831971496166687	0.21160213199699732	0	0
Bacteria;Firmicutes_C;Negativicutes;Veillonellales;Veillonellaceae;F0422	0	0.01513492771735136	9.663271400610009e-4	0	0
Bacteria;Firmicutes_C;Negativicutes;Veillonellales;Megasphaeraceae;Megasphaera	6.926082505511045e-4	0.0935265222603189	1.2407011695777944e-6	0.05860319089631371	0.003862850614080544
Bacteria;Firmicutes_C;Negativicutes;Veillonellales;Megasphaeraceae;Anaeroglobus	1.4061653966632076e-4	0.027441552988063802	1.963994987040637e-5	0	0
Bacteria;Firmicutes_C;Negativicutes;Veillonellales;Megasphaeraceae;28L	0	0.001615741903106213	0	0	0
Bacteria;Firmicutes_C;Negativicutes;Veillonellales;Dialisteraceae;Dialister	0.07425760952016476	4.3086297826573415e-5	0	0.5344176400444695	0.5170641838338841
Bacteria;Firmicutes_C;Negativicutes;Veillonellales;Dialisteraceae;Allisonella	1.908757128968105e-4	1.1570943016787906e-4	0	5.073361459694714e-4	0.0015403113892330808
Bacteria;Firmicutes_C;Negativicutes;Acidaminococcales;Acidaminococcaceae;Succiniclasticum	1.3159852384961518e-7	0	0	0.014916800151779059	0.011414721250564537
Bacteria;Firmicutes_C;Negativicutes;Acidaminococcales;Acidaminococcaceae;Acidaminococcus	0.024953099289301155	0.002906751476930267	1.9867748320991544e-4	0.013261440647298225	0.02038457667275896
Bacteria;Firmicutes_C;Negativicutes;Selenomonadales;Selenomonadaceae;Mitsuokella	3.3370275631816756e-14	0	0	0.11085258188258942	5.3125491851010275e-5
Bacteria;Firmicutes_C;Negativicutes;Selenomonadales;Selenomonadaceae;Centipeda	2.4488672193368326e-6	2.74001143076547e-11	0	6.735916229965546e-4	0
Bacteria;Firmicutes_C;Negativicutes;Selenomonadales;Selenomonadaceae;Megamonas	0.024270156748660798	0.0015190806071267665	0	0.044059784750001434	0.07667350076735764
Bacteria;Actinobacteriota;Actinomycetia;Mycobacteriales;Mycobacteriaceae;Mycobacterium	0	0	2.0377850645996687e-4	0	0
Bacteria;Actinobacteriota;Actinomycetia;Mycobacteriales;Mycobacteriaceae;Corynebacterium	0	0.0011865853710120151	0.040721338000930245	0	0
Bacteria;Actinobacteriota;Actinomycetia;Actinomycetales;Microbacteriaceae;Clavibacter	0	0	0	1.69673170379079e-5	6.049643703285511e-5
Bacteria;Actinobacteriota;Actinomycetia;Actinomycetales;Microbacteriaceae;Tropheryma	0	0	1.2659346752417785e-5	0	0
Bacteria;Actinobacteriota;Actinomycetia;Actinomycetales;Bifidobacteriaceae;Bifidobacterium	0.025753783099918822	14.135623442204498	0	5.367283952319524e-6	0.0010251926584073786
Bacteria;Actinobacteriota;Actinomycetia;Actinomycetales;Bifidobacteriaceae;Alloscardovia	0	0	7.112149828074137e-5	0	0
Bacteria;Actinobacteriota;Actinomycetia;Actinomycetales;Bifidobacteriaceae;Scardovia	0	1.7843199728467685e-4	0.002695810388626643	0	0
Bacteria;Actinobacteriota;Actinomycetia;Actinomycetales;Bifidobacteriaceae;Parascardovia	0	0	2.729807002527283e-5	0	0
Bacteria;Actinobacteriota;Actinomycetia;Actinomycetales;Micrococcaceae;Micrococcus	0	0.002715549165590957	0	0	0
Bacteria;Actinobacteriota;Actinomycetia;Actinomycetales;Micrococcaceae;Rothia	0	0.02710460351545256	0.0026525594787445207	0	0
Bacteria;Actinobacteriota;Actinomycetia;Actinomycetales;Micrococcaceae;Kocuria	0	0.002535378644810291	0	0	0
Bacteria;Actinobacteriota;Actinomycetia;Actinomycetales;Actinomycetaceae;Pauljensenia	5.79417861441773e-6	0.06137439007523421	0.003048682309793204	1.3757891623876012e-7	2.6591250819142415e-6
Bacteria;Actinobacteriota;Actinomycetia;Actinomycetales;Actinomycetaceae;Gleimia	0	0.008600409125127818	0	0	0
Bacteria;Actinobacteriota;Actinomycetia;Actinomycetales;Actinomycetaceae;Varibaculum	0	0.006486120449553097	9.161365013689987e-4	0	0
Bacteria;Actinobacteriota;Actinomycetia;Actinomycetales;Actinomycetaceae;Winkia	0	0.008901289423981305	0.0036501443898151434	0	0
Bacteria;Actinobacteriota;Actinomycetia;Actinomycetales;Actinomycetaceae;Mobiluncus	0	0	0	3.490668705630435e-4	0
Bacteria;Actinobacteriota;Actinomycetia;Actinomycetales;Actinomycetaceae;Actinomyces	0	0.015368189828872237	9.609499651851199e-4	0	0
Bacteria;Actinobacteriota;Actinomycetia;Actinomycetales;Actinomycetaceae;Actinotignum	0	0.003048172786513895	0	0	0
Bacteria;Actinobacteriota;Actinomycetia;Actinomycetales;Actinomycetaceae;Actinobaculum	0	0.005870368045914935	0	0	0
Bacteria;Actinobacteriota;Actinomycetia;Actinomycetales;Dermabacteraceae;Dermabacter	0	0	0.003589504540106804	0	0
Bacteria;Actinobacteriota;Actinomycetia;Propionibacteriales;Propionibacteriaceae;Cutibacterium	0	0.06976751078228781	0.014690275647390118	0	0
Bacteria;Actinobacteriota;Actinomycetia;Propionibacteriales;Propionibacteriaceae;Propionibacterium	5.911037551459624e-13	0.0019119408141867289	0	0	1.280027616120054e-4
Bacteria;Actinobacteriota;Actinomycetia;Propionibacteriales;Propionibacteriaceae;Propionimicrobium	0	5.38986934115176e-4	0	0	0
Bacteria;Actinobacteriota;Coriobacteriia;Coriobacteriales;Coriobacteriaceae;Collinsella	0.0025957741591095774	0.5961622026384203	0	0.07185374318378869	0.5094449953492687
Bacteria;Actinobacteriota;Coriobacteriia;Coriobacteriales;Coriobacteriaceae;Enorma	3.4748721403662597e-10	2.2659352515848837e-16	5.0275288310310456e-5	0	0.004514277601183901
Bacteria;Actinobacteriota;Coriobacteriia;Coriobacteriales;Atopobiaceae;Lancefieldella	0	0.005075988712738391	5.94592292260438e-4	0	0
Bacteria;Actinobacteriota;Coriobacteriia;Coriobacteriales;Atopobiaceae;Olsenella	0	0.01322770533853408	0	0.005703683581852511	0.005786521879716234
Bacteria;Actinobacteriota;Coriobacteriia;Coriobacteriales;Atopobiaceae;Fannyhessea	0	0.03831528832963871	0	0	0
Bacteria;Actinobacteriota;Coriobacteriia;Coriobacteriales;Atopobiaceae;Parolsenella	0	0.0019804498778554095	0	0.002232373415248408	4.72679488418402e-4
Bacteria;Actinobacteriota;Coriobacteriia;Coriobacteriales;Eggerthellaceae;Eggerthella	6.6786917492593e-4	0.06849016407040001	4.071875362505705e-4	0	0.003990833977250352
Bacteria;Actinobacteriota;Coriobacteriia;Coriobacteriales;Eggerthellaceae;Gordonibacter	1.0380444850127856e-7	5.761055644482203e-5	0	0	0.0013129417663854206
Bacteria;Actinobacteriota;Coriobacteriia;Coriobacteriales;Eggerthellaceae;Adlercreutzia	1.4365079813251647e-5	8.35565546458157e-6	0	1.135085511436286e-4	0.039578491960280994
Bacteria;Actinobacteriota;Coriobacteriia;Coriobacteriales;Eggerthellaceae;CAG-1427	5.9005734630997135e-9	7.491541931835526e-5	0	0.0015859715570449092	0.08353035086302003
Bacteria;Actinobacteriota;Coriobacteriia;Coriobacteriales;Eggerthellaceae;UMGS1519	2.7408362583731816e-4	0	0	5.620906210612497e-5	0.0010754579224054094
Bacteria;Actinobacteriota;Coriobacteriia;Coriobacteriales;Eggerthellaceae;Slackia	0	0.004480707173721361	0	0.005994329353007812	0.009519209653492794
Bacteria;Actinobacteriota;Coriobacteriia;Coriobacteriales;QAMH01;QAMH01	0	0	0	2.865958066560543e-13	0.009857846122039335
Bacteria;Cyanobacteria;Vampirovibrionia;Gastranaerophilales;Gastranaerophilaceae;Zag1	0.002084075082538648	0	0	0.08970273531266587	0.021376017124678452
Bacteria;Cyanobacteria;Vampirovibrionia;Gastranaerophilales;Gastranaerophilaceae;QAMI01	0.0025328734626015714	0	0	1.5730004956030028e-4	0.0011065228025215884
Bacteria;Cyanobacteria;Vampirovibrionia;Gastranaerophilales;Gastranaerophilaceae;CAG-484	3.4670229236396166e-4	0	0	0.003046041269771994	0.0019681988386281986
Bacteria;Cyanobacteria;Vampirovibrionia;Gastranaerophilales;Gastranaerophilaceae;Zag111	7.629084964341958e-7	0	0	0.09675788569010789	1.6536933575249047e-7
Bacteria;Cyanobacteria;Vampirovibrionia;Gastranaerophilales;Gastranaerophilaceae;UBA6984	0	0	0	0.004281851786821211	0
Bacteria;Cyanobacteria;Vampirovibrionia;Gastranaerophilales;Gastranaerophilaceae;UMGS951	0	0	0	0	0.002820808330211589
Bacteria;Cyanobacteria;Vampirovibrionia;Gastranaerophilales;Gastranaerophilaceae;CAG-306	0.010712722331608544	0	0	0	6.031237956082041e-4
Bacteria;Cyanobacteria;Vampirovibrionia;Gastranaerophilales;Gastranaerophilaceae;RUG841	0	0	0	0.006738339202258602	8.875700990684939e-9
Bacteria;Proteobacteria;Gammaproteobacteria;Pseudomonadales;Pseudomonadaceae;Pseudomonas	0	0	0.21066408539260803	0	0
Bacteria;Proteobacteria;Gammaproteobacteria;Pseudomonadales;Moraxellaceae;Acinetobacter	0	0.042146197937798696	0.018912061225382994	0	0
Bacteria;Proteobacteria;Gammaproteobacteria;Pseudomonadales;Moraxellaceae;Moraxella_A	0	1.4663734748608388e-4	0	0	0
Bacteria;Proteobacteria;Gammaproteobacteria;Enterobacterales;Enterobacteriaceae;Escherichia	7.242983565694664e-5	0.02848388637666648	10.242295181983192	1.4325678780310652e-12	0
Bacteria;Proteobacteria;Gammaproteobacteria;Enterobacterales;Enterobacteriaceae;Salmonella	0	0	0.3274291359310889	0	0
Bacteria;Proteobacteria;Gammaproteobacteria;Enterobacterales;Enterobacteriaceae;Citrobacter	0	9.144620956697968e-4	5.222175138566415	0	0
Bacteria;Proteobacteria;Gammaproteobacteria;Enterobacterales;Enterobacteriaceae;Kluyvera	0	2.5541804888082528e-8	0.002595540404090497	4.838883321200784e-6	0
Bacteria;Proteobacteria;Gammaproteobacteria;Enterobacterales;Enterobacteriaceae;Pseudocitrobacter	0	6.259000215477683e-16	0.051574380158645954	0	0
Bacteria;Proteobacteria;Gammaproteobacteria;Enterobacterales;Enterobacteriaceae;Enterobacter	0	2.5337137940996067e-5	3.159474162080627	0	0
Bacteria;Proteobacteria;Gammaproteobacteria;Enterobacterales;Enterobacteriaceae;Lelliottia	0	0	0.005947142550645424	0	0
Bacteria;Proteobacteria;Gammaproteobacteria;Enterobacterales;Enterobacteriaceae;Leclercia	0	0	0.0017719187273319934	0	0
Bacteria;Proteobacteria;Gammaproteobacteria;Enterobacterales;Enterobacteriaceae;Raoultella	0	2.1799767842108365e-4	0.18922775749250692	0	0
Bacteria;Proteobacteria;Gammaproteobacteria;Enterobacterales;Enterobacteriaceae;Klebsiella	0	2.353113929465319e-6	1.6919280931808125	0	0
Bacteria;Proteobacteria;Gammaproteobacteria;Enterobacterales;Enterobacteriaceae;Trabulsiella	0	0	0.003867699663062701	0	0
Bacteria;Proteobacteria;Gammaproteobacteria;Enterobacterales;Enterobacteriaceae;Yokenella	0	4.3905734507956504e-4	0.001609435781270697	0	2.479256717218373e-5
Bacteria;Proteobacteria;Gammaproteobacteria;Enterobacterales;Enterobacteriaceae;Pluralibacter	1.23202844877878e-11	2.2907747391318094e-4	0	0	4.2601985014079796e-4
Bacteria;Proteobacteria;Gammaproteobacteria;Enterobacterales;Enterobacteriaceae;Pseudescherichia	0	0	0.018415060084768124	0	0
Bacteria;Proteobacteria;Gammaproteobacteria;Enterobacterales;Enterobacteriaceae;Kosakonia	9.010214854125692e-12	4.225117707229953e-5	0.012451094478553392	0	0
Bacteria;Proteobacteria;Gammaproteobacteria;Enterobacterales;Enterobacteriaceae;Phytobacter	0	2.57445838443651e-4	0.00199250602796951	0	0
Bacteria;Proteobacteria;Gammaproteobacteria;Enterobacterales;Enterobacteriaceae;Cronobacter	0.0010865182258237634	0	0	0	0
Bacteria;Proteobacteria;Gammaproteobacteria;Enterobacterales;Enterobacteriaceae;Franconibacter	0	6.346119029703588e-4	0.0018939923900860045	0	0
Bacteria;Proteobacteria;Gammaproteobacteria;Enterobacterales;Enterobacteriaceae;Siccibacter	0	1.882200736974496e-4	0.01759561828577442	0	0
Bacteria;Proteobacteria;Gammaproteobacteria;Enterobacterales;Enterobacteriaceae;Atlantibacter	0	1.988520391536352e-14	0.012337167825981302	0	0
Bacteria;Proteobacteria;Gammaproteobacteria;Enterobacterales;Enterobacteriaceae;Shimwellia	1.1649739008736056e-4	0.001268077688827525	0.002402087280482851	0	0
Bacteria;Proteobacteria;Gammaproteobacteria;Enterobacterales;Enterobacteriaceae;Buttiauxella	0	0	0.00629015493638607	0	0
Bacteria;Proteobacteria;Gammaproteobacteria;Enterobacterales;Enterobacteriaceae;Cedecea	0	0	0.0016315977944637134	0	0
Bacteria;Proteobacteria;Gammaproteobacteria;Enterobacterales;Enterobacteriaceae;Pantoea	0	0.20480074546646523	2.3793283975664158e-7	0	0
Bacteria;Proteobacteria;Gammaproteobacteria;Enterobacterales;Enterobacteriaceae;Mixta	0	0.001203872694884992	6.318576269428751e-5	0	0
Bacteria;Proteobacteria;Gammaproteobacteria;Enterobacterales;Enterobacteriaceae;Pectobacterium	0	0	2.3137165365028862e-5	0	0
Bacteria;Proteobacteria;Gammaproteobacteria;Enterobacterales;Enterobacteriaceae;Serratia	0	5.326356202915586e-7	0.7808864572333221	0	0
Bacteria;Proteobacteria;Gammaproteobacteria;Enterobacterales;Enterobacteriaceae;Ewingella	0	5.125788616749071e-5	0	0	0
Bacteria;Proteobacteria;Gammaproteobacteria;Enterobacterales;Enterobacteriaceae;Rouxiella	0	5.337730388567029e-5	0	0	0
Bacteria;Proteobacteria;Gammaproteobacteria;Enterobacterales;Enterobacteriaceae;Nissabacter	9.96670443124891e-6	0.006628065319560873	4.029964206551488e-4	0	0
Bacteria;Proteobacteria;Gammaproteobacteria;Enterobacterales;Enterobacteriaceae;Hafnia	0	0.007951112688864878	0	6.608040962841289e-5	0.0020124312683659175
Bacteria;Proteobacteria;Gammaproteobacteria;Enterobacterales;Enterobacteriaceae;Proteus	0	1.3141854177505193e-11	0.1877456932743491	0	0
Bacteria;Proteobacteria;Gammaproteobacteria;Enterobacterales;Enterobacteriaceae;Morganella	0	0	0.03820953695491881	0	0
Bacteria;Proteobacteria;Gammaproteobacteria;Enterobacterales;Enterobacteriaceae;Providencia	5.239044478751748e-5	0.0021585909234835775	0	0	0
Bacteria;Proteobacteria;Gammaproteobacteria;Enterobacterales;Pasteurellaceae;Rodentibacter	0	7.814036895117764e-4	0	0	0
Bacteria;Proteobacteria;Gammaproteobacteria;Enterobacterales;Pasteurellaceae;Haemophilus	0.05858704297249002	1.0585899910279704	0.0069588954417355185	0.014694158267906533	1.514405470103265e-9
Bacteria;Proteobacteria;Gammaproteobacteria;Enterobacterales;Pasteurellaceae;Aggregatibacter	0.0014199229861381608	3.0859541382034924e-4	0	7.456678064080159e-16	1.070666451388457e-6
Bacteria;Proteobacteria;Gammaproteobacteria;Enterobacterales;Pasteurellaceae;Basfia	3.7680126608013423e-4	0	0	1.9898088546706086e-4	0
Bacteria;Proteobacteria;Gammaproteobacteria;Enterobacterales;Pasteurellaceae;Necropsobacter	0	0	0	0	1.1867883258752891e-4
Bacteria;Proteobacteria;Gammaproteobacteria;Enterobacterales;Pasteurellaceae;Histophilus	1.4902012645505116e-4	1.6423839814868596e-5	0	1.2799213844126713e-4	0
Bacteria;Proteobacteria;Gammaproteobacteria;Enterobacterales;Pasteurellaceae;Mannheimia	5.06664567219079e-12	9.844899975945131e-4	3.257621318346464e-5	0	0
Bacteria;Proteobacteria;Gammaproteobacteria;Enterobacterales;Pasteurellaceae;Actinobacillus	1.525087487855799e-4	0.003906462891158898	7.705131989158432e-6	0	0
Bacteria;Proteobacteria;Gammaproteobacteria;Enterobacterales;Pasteurellaceae;Glaesserella	3.474228528627891e-5	9.261157289633811e-5	7.84367303792479e-6	0	0
Bacteria;Proteobacteria;Gammaproteobacteria;Enterobacterales;Shewanellaceae;Shewanella	0	0	8.260026664031939e-4	0	0
Bacteria;Proteobacteria;Gammaproteobacteria;Enterobacterales;Aeromonadaceae;Aeromonas	0	0	0.004336624303257661	0	0
Bacteria;Proteobacteria;Gammaproteobacteria;Enterobacterales;Succinivibrionaceae;Succinatimonas	0	0	0	1.039968425633434e-5	1.2212192578807076e-4
Bacteria;Proteobacteria;Gammaproteobacteria;Enterobacterales;Succinivibrionaceae;Anaerobiospirillum	0	0	0	3.152303073934096e-4	0
Bacteria;Proteobacteria;Gammaproteobacteria;Xanthomonadales;Xanthomonadaceae;Stenotrophomonas	0	0.03757022062749762	0.0025729019747056194	0	0
Bacteria;Proteobacteria;Gammaproteobacteria;Burkholderiales;Burkholderiaceae;Ralstonia	0	9.753201467842481e-7	0.002145310165167415	0	0
Bacteria;Proteobacteria;Gammaproteobacteria;Burkholderiales;Burkholderiaceae;Oxalobacter	5.003984629284234e-6	0	0	3.2168269768976154e-4	0.0019107660151671641
Bacteria;Proteobacteria;Gammaproteobacteria;Burkholderiales;Burkholderiaceae;Acidovorax_D	0	0.006034014826889873	1.3199999625210748e-15	0	0
Bacteria;Proteobacteria;Gammaproteobacteria;Burkholderiales;Burkholderiaceae;Comamonas	0	0	7.400089064118784e-4	0	0
Bacteria;Proteobacteria;Gammaproteobacteria;Burkholderiales;Burkholderiaceae;Lautropia	0	0	0	0	8.94478774154242e-5
Bacteria;Proteobacteria;Gammaproteobacteria;Burkholderiales;Burkholderiaceae;Duodenibacillus	0.038684544298921604	0	0	0.11180208198047603	0.02802229067204866
Bacteria;Proteobacteria;Gammaproteobacteria;Burkholderiales;Burkholderiaceae;Sutterella	0.2981302178834772	0.10602284040750845	0	0.1699544258694307	0.0724611560658486
Bacteria;Proteobacteria;Gammaproteobacteria;Burkholderiales;Burkholderiaceae;Mesosutterella	0.005262361905158181	0.0040818516069947245	0	0.003487952959319749	0.00400178430122368
Bacteria;Proteobacteria;Gammaproteobacteria;Burkholderiales;Neisseriaceae;Neisseria	0	0.024764926483360195	6.187210869293166e-4	0	0
Bacteria;Proteobacteria;Gammaproteobacteria;Burkholderiales;Neisseriaceae;Eikenella	0	6.354155319545993e-5	0	0	0
Bacteria;Proteobacteria;Gammaproteobacteria;Burkholderiales;Aquaspirillaceae;Microvirgula	0	0	3.2044322237176245e-4	0	0
Bacteria;Proteobacteria;Alphaproteobacteria;Rhizobiales;Rhizobiaceae;Brucella	0	0	9.224952947062147e-6	0	0
Bacteria;Proteobacteria;Alphaproteobacteria;Rhizobiales;Xanthobacteraceae;Bradyrhizobium	0	0.02886423721903069	0	0	0
Bacteria;Proteobacteria;Alphaproteobacteria;Rhizobiales;Xanthobacteraceae;Afipia	0	1.3415563383239147e-4	0	0	0
Bacteria;Proteobacteria;Alphaproteobacteria;Rhizobiales;Beijerinckiaceae;Methylobacterium	0	0.0030685295450183013	1.3251938086779913e-5	0	0
Bacteria;Proteobacteria;Alphaproteobacteria;Caulobacterales;Caulobacteraceae;Brevundimonas	0	0	1.505973009294444e-4	0	0
Bacteria;Proteobacteria;Alphaproteobacteria;Caulobacterales;Caulobacteraceae;Caulobacter	0	0.0066232696557964954	8.347239915767639e-10	0	0
Bacteria;Proteobacteria;Alphaproteobacteria;Sphingomonadales;Sphingomonadaceae;Sphingopyxis	0	0	2.240788274284403e-4	0	0
Bacteria;Proteobacteria;Alphaproteobacteria;Sphingomonadales;Sphingomonadaceae;Sphingomonas	0	0.0035359345014684394	0	0	0
Bacteria;Proteobacteria;Alphaproteobacteria;Acetobacterales;Acetobacteraceae;Gluconobacter	0	0.001281047905905166	0	0	0
Bacteria;Proteobacteria;Alphaproteobacteria;RF32;CAG-239;RUG410	0	0	0	0.007255979676301712	0
Bacteria;Proteobacteria;Alphaproteobacteria;RF32;CAG-239;CAG-267	0.0021291843982286624	0	0	0.002162174488124817	0.15793264197830278
Bacteria;Proteobacteria;Alphaproteobacteria;RF32;CAG-239;CAG-495	0.14805298596146546	0	0	0.002519377666216692	0.27767305494885813
Bacteria;Proteobacteria;Alphaproteobacteria;RF32;CAG-239;51-20	7.743854655209259e-4	0	0	0.002599768691080515	0.09337629009782847
Bacteria;Proteobacteria;Alphaproteobacteria;RF32;CAG-977;UBA11549	0	0	0	0.039812272215214384	0
Bacteria;Desulfobacterota;Desulfovibrionia;Desulfovibrionales;Desulfovibrionaceae;Desulfovibrio	5.401501365497753e-4	0	0	0.016335310892695857	0.017869750976615
Bacteria;Desulfobacterota;Desulfovibrionia;Desulfovibrionales;Desulfovibrionaceae;Mailhella	8.864438386270925e-5	0	0	2.3996175134411316e-4	0.0011492971583593982
Bacteria;Desulfobacterota;Desulfovibrionia;Desulfovibrionales;Desulfovibrionaceae;Bilophila	0.019497657279262972	5.393820570589952e-6	3.9473198485318566e-4	0.011052141661079665	0.023939805167340913
Bacteria;Desulfobacterota;Desulfovibrionia;Desulfovibrionales;Desulfovibrionaceae;Nitratidesulfovibrio	0	1.0857217372702704e-4	0	0	0
Bacteria;Bacteroidota;Bacteroidia;Bacteroidales;Bacteroidaceae;Prevotella	0	0	0	10.769191187962049	0
Bacteria;Bacteroidota;Bacteroidia;Bacteroidales;Bacteroidaceae;Prevotellamassilia	0	0	0	0.5016035475361803	0
Bacteria;Bacteroidota;Bacteroidia;Bacteroidales;Bacteroidaceae;CAG-617	0	0	0	0.007328343345384878	0.0048927233128863434
Bacteria;Bacteroidota;Bacteroidia;Bacteroidales;Bacteroidaceae;Alloprevotella	4.5899905182597957e-4	4.369373530685271e-4	1.2698256344140925e-6	5.725682993250688e-8	0
Bacteria;Bacteroidota;Bacteroidia;Bacteroidales;Bacteroidaceae;F0040	0	0.002066033336301936	0	0	0
Bacteria;Bacteroidota;Bacteroidia;Bacteroidales;Bacteroidaceae;UBA6398	2.2835307036277727e-5	0	0	0.023999892382187273	0.010460313595632589
Bacteria;Bacteroidota;Bacteroidia;Bacteroidales;Bacteroidaceae;Paraprevotella	0.0598136387633551	0	0	0.06599670304113392	0.07028845391318823
Bacteria;Bacteroidota;Bacteroidia;Bacteroidales;Bacteroidaceae;Bacteroides	24.328366068997994	1.070368137567981e-14	0	2.533936764821005e-6	1.0320209136605804e-6
Bacteria;Bacteroidota;Bacteroidia;Bacteroidales;Bacteroidaceae;Phocaeicola	8.50060271013311	1.8981290767085165e-6	0	0.28218576483927715	0.6832911580201392
Bacteria;Bacteroidota;Bacteroidia;Bacteroidales;Bacteroidaceae;CAG-462	2.288608118837669e-11	0	0	0.0019178724488219004	0.005571305476475047
Bacteria;Bacteroidota;Bacteroidia;Bacteroidales;Muribaculaceae;CAG-873	0	0	0	0.023932738651203732	0.017744381095264092
Bacteria;Bacteroidota;Bacteroidia;Bacteroidales;Muribaculaceae;UBA7173	4.441522173972572e-5	0	0	9.047911957030386e-6	0.11810922609852822
Bacteria;Bacteroidota;Bacteroidia;Bacteroidales;Muribaculaceae;Duncaniella	2.4121310656801813e-4	0	0	0	0.00538450202629826
Bacteria;Bacteroidota;Bacteroidia;Bacteroidales;Muribaculaceae;Paramuribaculum	0	0	0	0.007526803765531347	0.02232051292376003
Bacteria;Bacteroidota;Bacteroidia;Bacteroidales;Muribaculaceae;Amulumruptor	0.009188832925671613	0	0	0	0
Bacteria;Bacteroidota;Bacteroidia;Bacteroidales;Muribaculaceae;Muribaculum	3.1654289909654043e-9	0	0	0	0.025258049361209404
Bacteria;Bacteroidota;Bacteroidia;Bacteroidales;Muribaculaceae;CAG-485	0	0	0	6.108399586603974e-5	0.01935014400060107
Bacteria;Bacteroidota;Bacteroidia;Bacteroidales;Muribaculaceae;CAG-279	5.430969352492012e-7	0	0	0.20842650197564674	0.04255133582822004
Bacteria;Bacteroidota;Bacteroidia;Bacteroidales;Barnesiellaceae;Barnesiella	0.11525922466516653	0	0	0.040905312592952	0.2990912675330172
Bacteria;Bacteroidota;Bacteroidia;Bacteroidales;Coprobacteraceae;Coprobacter	0.02826907910090731	0	0	6.096569900978708e-16	0.0010139167826097267
Bacteria;Bacteroidota;Bacteroidia;Bacteroidales;UBA11471;UBA11471	0.006530851970645218	0	0	0.005611830572136404	0.029287001879519072
Bacteria;Bacteroidota;Bacteroidia;Bacteroidales;Dysgonomonadaceae;Dysgonomonas	0	0.006098189082764267	0.004393663518444081	0	0
Bacteria;Bacteroidota;Bacteroidia;Bacteroidales;Tannerellaceae;Parabacteroides	1.8928268352254352	2.2888070444835256e-8	0	0.1328858332715956	0.03526471901900132
Bacteria;Bacteroidota;Bacteroidia;Bacteroidales;Porphyromonadaceae;Porphyromonas	0.005619658329705676	2.03949387324489e-4	0	2.743668070767408e-4	0
Bacteria;Bacteroidota;Bacteroidia;Bacteroidales;Paludibacteraceae;RF16	0	0	0	0.001988295013524861	0
Bacteria;Bacteroidota;Bacteroidia;Bacteroidales;Marinifilaceae;Odoribacter	0.07383619816326631	0	0	0.01888224508225171	0.10341816912776929
Bacteria;Bacteroidota;Bacteroidia;Bacteroidales;UBA932;RC9	0	0	0	0.8078832196360941	0
Bacteria;Bacteroidota;Bacteroidia;Bacteroidales;Rikenellaceae;Alistipes	0.9011546595439007	0	0	0.1332279261913051	2.9552660893000455
Bacteria;Bacteroidota;Bacteroidia;Bacteroidales;Rikenellaceae;Tidjanibacter	0.0421436444145858	0	0	0	0.03032023753030254
Bacteria;Bacteroidota;Bacteroidia;Flavobacteriales;Flavobacteriaceae;Flavobacterium	0	0	2.580070502344019e-4	0	0
Bacteria;Bacteroidota;Bacteroidia;Flavobacteriales;Weeksellaceae;Chryseobacterium	0	0	7.831805120514586e-4	0	0
Bacteria;Bacteroidota;Bacteroidia;Flavobacteriales;UBA1820;UBA1820	7.427348519476414e-5	0	0	0.0013762083793012834	0.003607141934169133
Bacteria;Verrucomicrobiota;Verrucomicrobiae;Opitutales;CAG-312;CAG-312	0	0	0	0.03784415952933473	0.005971727388694286
Bacteria;Verrucomicrobiota;Verrucomicrobiae;Opitutales;CAG-312;UMGS1490	0	0	0	0.0015683626274066243	0
Bacteria;Verrucomicrobiota;Kiritimatiellae;RFP12;UBA1067;RUG572	0	0	0	0.006584206023463358	0
Bacteria;Verrucomicrobiota;Lentisphaeria;Victivallales;Victivallaceae;Victivallis	4.663809055314259e-4	0	0	0.007330309202512556	0.0045766478041436316
Bacteria;Verrucomicrobiota;Lentisphaeria;Victivallales;UBA1829;UBA1829	0	0	0	0.0061079998429610476	0.002577057031392998
Bacteria;Verrucomicrobiota;Lentisphaeria;Victivallales;UBA1829;UBA11452	2.7551003605617944e-7	0	0	0.002614996442734553	0.0013902961195314664
Bacteria;Elusimicrobiota;Elusimicrobia;Elusimicrobiales;Elusimicrobiaceae;UBA1436	0	0	0	0.0053454993443799795	6.74607090040893e-4
Bacteria;Campylobacterota;Campylobacteria;Campylobacterales;Arcobacteraceae;Aliarcobacter	0	0	2.5433264117363043e-4	0	0
Bacteria;Campylobacterota;Campylobacteria;Campylobacterales;Campylobacteraceae;Campylobacter_A	4.4133221750229207e-13	9.91370912942759e-4	9.876838781053648e-5	0	1.4080469810977997e-9
Bacteria;Campylobacterota;Campylobacteria;Campylobacterales;Campylobacteraceae;Campylobacter_B	1.1656375687579903e-7	0.04165730523447594	0	0	0
Bacteria;Campylobacterota;Campylobacteria;Campylobacterales;Campylobacteraceae;Campylobacter_D	0.005812612912299103	0.0051390981532760515	0	7.979679285085716e-13	0
Bacteria;Campylobacterota;Campylobacteria;Campylobacterales;Helicobacteraceae;Helicobacter_D	0	0	0	0	8.347344467965077e-5
Bacteria;Spirochaetota;Spirochaetia;Treponematales;Treponemataceae;Treponema_D	0	0	0	0.02718804359834201	0
Bacteria;Spirochaetota;Brachyspirae;Brachyspirales;Brachyspiraceae;Brachyspira	4.304028727609104e-4	0	0	0.003394720692989642	0.00175409829550921
Bacteria;Synergistota;Synergistia;Synergistales;Synergistaceae;Cloacibacillus	0	0	0	0	0.0010611633408529652
Bacteria;Synergistota;Synergistia;Synergistales;Synergistaceae;An23	0	0	0	0	3.491726109229733e-4
Bacteria;Synergistota;Synergistia;Synergistales;Dethiosulfovibrionaceae;Pyramidobacter	0	0	0	0	7.139966855520218e-5
Bacteria;Firmicutes;Bacilli;Lactobacillales;Enterococcaceae;Enterococcus	0	1.0276497307194643	0.5473114394011239	0	0
Bacteria;Firmicutes;Bacilli;Erysipelotrichales;Erysipelotrichaceae;Merdibacter	3.9134162416914065e-4	0	0	0	1.6305005043110966e-5
Bacteria;Firmicutes;Bacilli;Erysipelotrichales;Erysipelatoclostridiaceae;Catenibacterium	5.903056624482214e-10	0.006169125979742069	0	0.1013835044969868	0.026495481664571514
Bacteria;Firmicutes;Bacilli;Erysipelotrichales;Erysipelatoclostridiaceae;Coprobacillus	1.0719462178637468e-4	0.0021120077315705376	0	2.78142868721343e-5	0.013874325316631485
Bacteria;Firmicutes;Bacilli;RFN20;CAG-826;UBA733	0	0	0	0.016710006954426204	2.404414610296295e-5
Bacteria;Firmicutes;Bacilli;RFN20;CAG-826;RUG131	0	0	0	0.003684345952926487	0.0014958936884321874
Bacteria;Firmicutes;Bacilli;RFN20;CAG-288;CAG-568	0	0	0	0.2507258615211947	0
Bacteria;Firmicutes;Bacilli;RF39;CAG-302;	0	0	0	0.003942650154699308	0.0010290141607076195
Bacteria;Firmicutes;Bacilli;RF39;CAG-302;RUG705	0	0	0	0.019472671624447047	0
Bacteria;Firmicutes;Bacilli;RF39;CAG-822;CAG-884	0	0	0	0.0010341046805910459	2.307497224152625e-5
Bacteria;Firmicutes;Bacilli;RF39;CAG-611;CAG-877	0	0	0	0.0032074859734007866	0.04124814757773882
Bacteria;Firmicutes;Bacilli;RF39;CAG-611;CAG-611	0	0	0	0.05957598978092636	9.734148349406786e-4
Bacteria;Firmicutes;Bacilli;RF39;CAG-1000;	3.219844934562482e-16	0	0	3.460587462512356e-4	0.003370942339474894
Bacteria;Firmicutes;Bacilli;Acholeplasmatales;Anaeroplasmataceae;	0	0	0	2.4306888884017008e-8	0.0030229806010367366
Bacteria;Firmicutes;Bacilli;Acholeplasmatales;Anaeroplasmataceae;CAG-307	0.003427811153725337	0	0	0.03373189710432192	0.058834309939904635
Bacteria;Firmicutes;Bacilli;ML615J-28;CAG-313;UBA1737	4.532756263380729e-4	0	0	0.0023878709486607023	3.7347599660259354e-4
Bacteria;Firmicutes_A;Clostridia;Oscillospirales;Acutalibacteraceae;	2.643269455766429e-7	0	0	2.816454665715359e-4	3.559158975966627e-4
Bacteria;Firmicutes_A;Clostridia;Oscillospirales;Acutalibacteraceae;UMGS1623	1.2852825484664003e-4	0	0	2.019043062603865e-8	0.001181758334754685
Bacteria;Firmicutes_A;Clostridia;Oscillospirales;Acutalibacteraceae;UBA1691	0.003332765796416665	0	0	1.0176781469003987e-6	0.048622072255491124
Bacteria;Firmicutes_A;Clostridia;Oscillospirales;Acutalibacteraceae;UMGS263	0.0028687289093764414	0	0	0	6.612780931829331e-13
Bacteria;Firmicutes_A;Clostridia;Oscillospirales;Acutalibacteraceae;UMGS1279	0	0	0	3.06164143571432e-4	2.067975554539504e-6
Bacteria;Firmicutes_A;Clostridia;Oscillospirales;Ruminococcaceae;UBA5884	0	0	0	0.012187547230679358	0
Bacteria;Firmicutes_A;Clostridia;Oscillospirales;Ruminococcaceae;UBA1394	1.952311442666764e-6	0	0	0.0011184064909931636	0.11613324741131623
Bacteria;Firmicutes_A;Clostridia;Oscillospirales;Ruminococcaceae;UBA1409	0	0	0	0.003545338008462277	9.83746225673807e-4
Bacteria;Firmicutes_A;Clostridia;Oscillospirales;Ruminococcaceae;UMGS1668	0	0	0	0.002505784515315917	0
Bacteria;Firmicutes_A;Clostridia;Oscillospirales;Ruminococcaceae;UMGS966	0.0024851761746501294	0	0	3.3299787684474376e-4	0.0033581931393231517
Bacteria;Firmicutes_A;Clostridia;Oscillospirales;Ruminococcaceae;Fournierella	0	0	0	3.3071528531659033e-5	7.87231454704563e-4
Bacteria;Firmicutes_A;Clostridia;Oscillospirales;Ruminococcaceae;	4.3461456979012107e-10	0	0	0.0010840933519009213	6.125124124336705e-4
Bacteria;Firmicutes_A;Clostridia;Oscillospirales;Oscillospiraceae;ER4	0.003466683503931717	0	0	0.22254355363272385	0.3934514585989987
Bacteria;Firmicutes_A;Clostridia;Oscillospirales;Oscillospiraceae;	1.864272253101456e-4	0	0	7.669780562824582e-4	0.006741339489579553
Bacteria;Firmicutes_A;Clostridia;Oscillospirales;Oscillospiraceae;UMGS1766	2.203459562596825e-7	0	0	0	6.733646909313885e-4
Bacteria;Firmicutes_A;Clostridia;Oscillospirales;Oscillospiraceae;F23-B02	0	0	0	0.07741999594778284	0.06755445876247992
Bacteria;Firmicutes_A;Clostridia;Oscillospirales;Oscillospiraceae;CAG-103	8.127951033627826e-6	3.8927951430374084e-06	0	0.08446721235211684	0.18974298822367616
Bacteria;Firmicutes_A;Clostridia;Oscillospirales;Oscillospiraceae;UBA738	0	0	0	0.03190646644340339	0.019666842102101158
Bacteria;Firmicutes_A;Clostridia;Oscillospirales;Butyricicoccaceae;UBA4644	0	0	0	6.390009324789995e-4	4.5971844711534634e-4
Bacteria;Firmicutes_A;Clostridia;Oscillospirales;CAG-272;UMGS1002	0	0	0	0.0033228231642528365	0
Bacteria;Firmicutes_A;Clostridia;Oscillospirales;CAG-272;	0	0	0	2.240352708209597e-9	1.2547448618207822e-4
Bacteria;Firmicutes_A;Clostridia;Oscillospirales;CAG-272;UMGS1225	0	0	0	1.3197293483232424e-9	7.075828969035798e-4
Bacteria;Firmicutes_A;Clostridia;Oscillospirales;CAG-382;UCG-010	0	0	0	3.9751901464438455e-5	0.003857448060943192
Bacteria;Firmicutes_A;Clostridia;Oscillospirales;QAKW01;	0	0	0	2.274978793852601e-5	2.602878151478374e-4
Bacteria;Firmicutes_A;Clostridia;UMGS1840;;	4.293567754852315e-7	0	0	8.99094312981197e-14	0.009153434688323496
Bacteria;Firmicutes_A;Clostridia;UMGS1883;UMGS1883;UMGS1540	0	0	0	0.001840761276160023	0
Bacteria;Firmicutes_A;Clostridia;UMGS1883;UMGS1883;UMGS1883	3.012252079523306e-7	0	0	3.695079708882196e-4	1.6272402081764772e-7
Bacteria;Firmicutes_A;Clostridia;UMGS1810;UMGS1810;	0	0	0	0	1.7762152268037355e-4
Bacteria;Firmicutes_A;Clostridia;Monoglobales_A;UBA1381;CAG-41	0.0016930495267230875	1.8609456831510182e-5	0	2.795837795567299e-4	0.13035589926478025
Bacteria;Firmicutes_A;Clostridia;Monoglobales_A;UBA1381;UBA4716	8.95341063309584e-5	0	0	0	0
Bacteria;Firmicutes_A;Clostridia;Monoglobales_A;UBA1381;	0	0	0	0	1.836681784276262e-4
Bacteria;Firmicutes_A;Clostridia;Monoglobales;Monoglobaceae;UMGS1326	0	0	0	0.0018189027764357873	0
Bacteria;Firmicutes_A;Clostridia;Monoglobales;Firm-18;	0	0	0	3.1454412904702056e-4	0
Bacteria;Firmicutes_A;Clostridia;;;	1.9904277217135383e-15	0	0	2.7189554041356993e-4	3.512676228503004e-5
Bacteria;Firmicutes_A;Clostridia;TANB77;CAG-508;CAG-354	0.0013469676208481907	0	0	9.73413675806326e-4	0.0387598273813693
Bacteria;Firmicutes_A;Clostridia;TANB77;UBA1234;	0	0	0	1.000237783348054e-9	5.041410117621433e-4
Bacteria;Firmicutes_A;Clostridia;Saccharofermentanales;Fastidiosipilaceae;KA00274	0	0.003273608626629964	0	0	0
Bacteria;Firmicutes_A;Clostridia;Lachnospirales;Lachnospiraceae;UBA11957	0	0	0	8.238270711362084e-8	4.4477040521889835e-4
Bacteria;Firmicutes_A;Clostridia;Lachnospirales;Lachnospiraceae;UBA7160	0	2.860227301060278e-16	0	9.83311133664179e-7	0.002421135697613056
Bacteria;Firmicutes_A;Clostridia;Lachnospirales;Lachnospiraceae;GCA-900066575	1.3708007057994012e-12	0	0	4.460823522107386e-4	0.0028801585160101676
Bacteria;Firmicutes_A;Clostridia;Lachnospirales;Lachnospiraceae;	1.310326572561916e-10	0	0	0.0014223327965738701	0.005214496982065645
Bacteria;Firmicutes_A;Clostridia;Lachnospirales;Lachnospiraceae;Ruminococcus_B	0.11471575521243825	0.47660516509985773	3.2413514175693033e-4	0	6.761739723344935e-14
Bacteria;Firmicutes_A;Clostridia;Lachnospirales;Lachnospiraceae;1XD42-69	0	0	0	5.82230329784624e-5	8.192340819074801e-4
Bacteria;Firmicutes_A;Clostridia;Lachnospirales;Lachnospiraceae;CAG-510	5.6057857419591357e-05	0	0	0.13426234635014384	1.660184538467848e-4
Bacteria;Firmicutes_A;Clostridia;Lachnospirales;Lachnospiraceae;KLE1615	7.785925517057435e-4	4.079618353786655e-12	0	0.0014248663602400113	0.09699439138637288
Bacteria;Firmicutes_A;Clostridia;Lachnospirales;Lachnospiraceae;TWA4	0	0	0	5.825956899781416e-4	3.572890000862178e-4
Bacteria;Firmicutes_A;Clostridia;Lachnospirales;Lachnospiraceae;UBA2821	0	0	0	0.0023607508357378045	0
Bacteria;Firmicutes_A;Clostridia;Lachnospirales;Lachnospiraceae;CAG-127	0	0	0	0.10578691888486669	0.28344071507937446
Bacteria;Firmicutes_A;Clostridia;Lachnospirales;Lachnospiraceae;CAG-632	0	0	0	0.010060157243930813	0.005639203547980563
Bacteria;Firmicutes_A;Clostridia;Lachnospirales;Lachnospiraceae;NC2004	0	0	0	0.0013779255727733595	0
Bacteria;Firmicutes_A;Clostridia;Lachnospirales;Lachnospiraceae;Frisingicoccus	2.4448667007940784e-4	0	0	0	1.2658804236112068e-4
Bacteria;Firmicutes_A;Clostridia;Lachnospirales;UBA1390;UBA1390	2.0726472894807365e-14	0	0	1.1078280316549139e-5	6.288081872732876e-4
Bacteria;Firmicutes_A;Clostridia;Lachnospirales;UBA1390;	0	0	0	0	4.996854101930305e-4
Bacteria;Firmicutes_A;Clostridia;Lachnospirales;Anaerotignaceae;UBA8514	2.797319576631919e-5	0	0	3.085301554552825e-5	0.002174188620423192
Bacteria;Firmicutes_A;Clostridia;Lachnospirales;CAG-274;	6.78694391172012e-5	0	0	0	0
Bacteria;Firmicutes_A;Clostridia;Peptostreptococcales;Anaerovoracaceae;CAG-238	0	0	0	0.013659841334925414	0.0015178943534032404
Bacteria;Firmicutes_A;Clostridia;Peptostreptococcales;Anaerovoracaceae;	0	0	0	1.5711094383149058e-4	4.418009424210172e-4
Bacteria;Firmicutes_A;Clostridia;Peptostreptococcales;Peptostreptococcaceae;Terrisporobacter	2.0133910384999727e-11	1.7151891493644037e-4	4.448401420334619e-5	3.6351193623279334e-4	0.005782657574937999
Bacteria;Firmicutes_A;Clostridia_A;Christensenellales;CAG-917;CAG-917	0	0	0	5.002682411448609e-4	0
Bacteria;Firmicutes_A;Clostridia_A;Christensenellales;CAG-917;CAG-349	0	0	0	0.14457805347228006	0.07148576796888423
Bacteria;Firmicutes_A;Clostridia_A;Christensenellales;Borkfalkiaceae;UMGS1004	0	0	0	0	0.006951662445760059
Bacteria;Firmicutes_A;Clostridia_A;Christensenellales;Borkfalkiaceae;UBA1259	0	0	0	9.207847889313746e-4	1.8239755075923966e-5
Bacteria;Firmicutes_A;Clostridia_A;Christensenellales;Borkfalkiaceae;UMGS775	0	0	0	0.006409090063365418	0.0013794854776489475
Bacteria;Firmicutes_A;Clostridia_A;Christensenellales;Borkfalkiaceae;UBA10281	0	0	0	0.021261304705684637	0.005946206164739964
Bacteria;Firmicutes_A;Clostridia_A;Christensenellales;Borkfalkiaceae;	0	0	0	2.3683999322622417e-4	0.0019875042566131164
Bacteria;Firmicutes_A;Clostridia_A;Christensenellales;Borkfalkiaceae;UBA4636	0	0	0	8.171671937133372e-5	0.001725858714356738
Bacteria;Firmicutes_A;Clostridia_A;Christensenellales;CAG-552;	2.16658365859362e-12	0	0	0.003119714150266265	1.8505172026111083e-4
Bacteria;Firmicutes_A;Clostridia_A;Christensenellales;CAG-552;UMGS1880	1.2745250598123775e-11	0	0.002618645610700772	0	0.016208060831899747
Bacteria;Firmicutes_A;Clostridia_A;Christensenellales;CAG-314;UMGS1707	0	0	0	0	0.0035545674852668512
Bacteria;Firmicutes_A;Clostridia_A;Christensenellales;CAG-314;SFEB01	0	0	0	0.0012225110322464628	0
Bacteria;Firmicutes_A;Clostridia_A;Christensenellales;UBA1242;UBA11517	0	0	0	0.003007010941874528	0
Bacteria;Firmicutes_A;Clostridia_A;Christensenellales;UBA1242;	0	0	0	0.002678497408538482	0
Bacteria;Firmicutes_A;Clostridia_A;Christensenellales;QALW01;UMGS1338	5.09030504034272e-6	0	0	0.002497268076806725	8.16360540811811e-4
Bacteria;Firmicutes_A;Clostridia_A;Christensenellales;CAG-74;UBA11524	1.8766287984287874e-7	0	0	0.00651059248320918	0.5241720979391461
Bacteria;Firmicutes_A;Clostridia_A;Christensenellales;CAG-74;UMGS1600	0	0	0	5.940511549289815e-6	6.809651263261823e-4
Bacteria;Firmicutes_A;Clostridia_A;Christensenellales;CAG-74;RUG563	0	0	0	0.001020172152329708	3.3132359511802165e-5
Bacteria;Firmicutes_A;Clostridia_A;Christensenellales;CAG-74;SFFH01	2.997858606190582e-7	0	0	0.004972600551834243	0.031936070796592275
Bacteria;Firmicutes_A;Clostridia_A;Christensenellales;CAG-74;SFFS01	0	0	0	7.944094294513252e-4	1.61778326589758e-5
Bacteria;Firmicutes_A;Clostridia_A;Christensenellales;CAG-74;	0	0	0	0	0.002588488766980501
Bacteria;Firmicutes_A;Clostridia_A;Christensenellales;CAG-74;SFHK01	0	0	0	0.003539942191894184	0.002446145452218645
Bacteria;Firmicutes_A;Clostridia_A;Christensenellales;UBA1750;UBA7102	0	0	0	0.0027130135819614055	0.0016216828746551046
Bacteria;Firmicutes_A;Clostridia_A;Christensenellales;Christensenellaceae;QANA01	6.854736008370928e-10	0	0	0	3.1096240943773287e-4
Bacteria;Firmicutes_A;Clostridia_A;Christensenellales;Christensenellaceae;	1.6649223052893861e-6	0	0	1.719942750483993e-6	4.4644032707439414e-4
Bacteria;Firmicutes_C;Negativicutes;Acidaminococcales;Acidaminococcaceae;Phascolarctobacterium	0.07187962100300245	0	0	0.22346072366851266	0.26972420867048547
Bacteria;Firmicutes_C;Negativicutes;Selenomonadales;Selenomonadaceae;Anaerovibrio	0	0	0	0.0056711587399708935	0
Bacteria;Firmicutes_B;Peptococcia;Peptococcales;Peptococcaceae;UBA7185	0	0	0	0	2.474840003152605e-4
Bacteria;Actinobacteriota;Coriobacteriia;Coriobacteriales;Eggerthellaceae;Senegalimassilia	3.6368303809528264e-16	0.0010879454822677907	0	3.1434624819398307e-4	0.008590340635052924
Bacteria;Actinobacteriota;Coriobacteriia;Coriobacteriales;Eggerthellaceae;UMGS1773	0	5.156688614208635e-4	0	0.0011504835788281854	0.004815501703610916
Bacteria;Actinobacteriota;Coriobacteriia;Coriobacteriales;Eggerthellaceae;	0	0	0	0	1.356435522396895e-4
Bacteria;Actinobacteriota;Coriobacteriia;Coriobacteriales;QAMH01;	0	0	0	4.6291723664500467e-4	9.887281741930729e-4
Bacteria;Cyanobacteria;Vampirovibrionia;Gastranaerophilales;Gastranaerophilaceae;UBA2883	0	0	0	0.003284529794433413	0
Bacteria;Cyanobacteria;Vampirovibrionia;Gastranaerophilales;Gastranaerophilaceae;UMGS1477	0	0	0	0.003911341679628277	2.2342626665074584e-14
Bacteria;Cyanobacteria;Vampirovibrionia;Gastranaerophilales;Gastranaerophilaceae;	0	0	0	1.4067821501045422e-4	0
Bacteria;Proteobacteria;Gammaproteobacteria;Enterobacterales;Succinivibrionaceae;Succinivibrio	0	0	0	0.22408979857943379	0
Bacteria;Proteobacteria;Gammaproteobacteria;Burkholderiales;Burkholderiaceae;CAG-521	0	0	0	1.9521160384135052e-4	0
Bacteria;Proteobacteria;Gammaproteobacteria;Burkholderiales;Burkholderiaceae;Parasutterella	0.08630546061177127	0.0051289805207872	0	0.004681456415996473	0.03324252475121423
Bacteria;Proteobacteria;Alphaproteobacteria;RF32;CAG-239;	0	0	0	0.0011903684352905424	0
Bacteria;Bacteroidota;Bacteroidia;Bacteroidales;Bacteroidaceae;UBA6382	0	0	0	0.0012005501607289394	0
Bacteria;Bacteroidota;Bacteroidia;Bacteroidales;Bacteroidaceae;UBA4334	0	0	0	0.0012757309756517834	2.8162463806888298e-9
Bacteria;Bacteroidota;Bacteroidia;Bacteroidales;Muribaculaceae;CAG-1031	5.5501697956509844e-5	0	0	1.9906622874637724e-5	0.026440800204614534
Bacteria;Bacteroidota;Bacteroidia;Bacteroidales;Muribaculaceae;C941	0	0	0	0.032226633799948966	0
Bacteria;Bacteroidota;Bacteroidia;Bacteroidales;;	0	0	0	5.566190847372659e-4	0
Bacteria;Bacteroidota;Bacteroidia;Bacteroidales;Marinifilaceae;Butyricimonas	0.02255892385005034	0	0	0.006381334624591124	0.010111592581393214
Bacteria;Bacteroidota;Bacteroidia;Bacteroidales;UBA932;CAG-831	5.803148152975809e-4	0	0	0	0
Bacteria;Verrucomicrobiota;Verrucomicrobiae;Verrucomicrobiales;Akkermansiaceae;Akkermansia	0.10383265451645664	0.04117875394698328	0	0.01622066020604178	0.954968967275492
Bacteria;Verrucomicrobiota;Verrucomicrobiae;Opitutales;CAG-312;QALA01	0	0	0	2.606201837423668e-4	0
Bacteria;Campylobacterota;Campylobacteria;Campylobacterales;Helicobacteraceae;	0	0	0.0121293799506182	0	0
Archaea;Thermoplasmatota;Thermoplasmata;Methanomassiliicoccales;Methanomethylophilaceae;Methanomethylophilus	0	0	0	1.337781276354412e-4	0.0017786232445397411
Archaea;Thermoplasmatota;Thermoplasmata;Methanomassiliicoccales;Methanomethylophilaceae;UBA71	0	0	0	0.0023002988853293134	1.3077742048934064e-4
Archaea;Thermoplasmatota;Thermoplasmata;Methanomassiliicoccales;Methanomethylophilaceae;MX-02	0	0	0	1.6887241270012042e-5	4.403350747784144e-4
Archaea;Thermoplasmatota;Thermoplasmata;Methanomassiliicoccales;Methanomassiliicoccaceae;Methanomassiliicoccus	0	0	0	1.088767149060766e-4	0.001966876654795972
Archaea;Methanobacteriota;Methanobacteria;Methanobacteriales;Methanobacteriaceae;Methanosphaera	0	0	0	0.005957648354531606	0.003109786483463169
Archaea;Methanobacteriota;Methanobacteria;Methanobacteriales;Methanobacteriaceae;Methanobrevibacter_A	0	0	0	0.20811684221865287	0.25584120728603377
Archaea;Methanobacteriota;Methanobacteria;Methanobacteriales;Methanobacteriaceae;Methanobrevibacter_C	0	0	0	0	1.8496987092133575e-4
Archaea;Thermoplasmatota;Thermoplasmata;Methanomassiliicoccales;Methanomethylophilaceae;	0	0	0	0	2.3582137603186202e-4
